Workbook

Sheet Folha3
A1: Pedido | B1: Data de Vencimento | C1: Cliente | D1: Email | E1: Telefone | F1: Produto | G1: Ponto de Atendimento | H1: Agente | I1: Status do Pedido | J1: CPF | K1: CNPJ | L1: Razão Social
A2: =Transferencia!A2 -> 19993515 | B2: =Transferencia!B2 -> 01/02/2025 | C2: =Transferencia!C2 -> GUSTAVO CORONADO SILVA | D2: =Transferencia!D2 -> DANUSIA@SMCONSUL.COM.BR | E2: =Transferencia!G2 -> 5511940346464 | F2: =Transferencia!H2 -> e-CNPJ A3 - 3 anos - PME | G2: =Transferencia!J2 -> Ponto de Atendimento AR Certifast - Pauliceia/SP | H2: =VLOOKUP(G2,Página1!G:L,6,0) -> Alexandre | I2: Aprovado | J2: =Transferencia!L2 -> 487.045.518-85 | K2: =Transferencia!M2 -> 24.020.767/0001-40 | L2: =Transferencia!N2 -> GMUD SERVICOS E INFORMATICA EIRELI
A3: =Transferencia!A3 -> 19998399 | B3: =Transferencia!B3 -> 01/02/2025 | C3: =Transferencia!C3 -> ISABELA PORTO NASCIMENTO | D3: =Transferencia!D3 -> isabela.nascimento@tjmg.jus.br | E3: =Transferencia!G3 -> 5531975539005 | F3: =Transferencia!H3 -> e-CPF A3 - 3 anos | G3: =Transferencia!J3 -> Ponto de Atendimento AR Certifast - Prado BH/MG - JUS | H3: =VLOOKUP(G3,Página1!G:L,6,0) -> Isabella | I3: Aprovado | J3: =Transferencia!L3 -> 874.483.271-00 | K3: =Transferencia!M3
A4: =Transferencia!A4 -> 20008751 | B4: =Transferencia!B4 -> 01/02/2025 | C4: =Transferencia!C4 -> CLAUDIO LUIZ CARVALHO SOUZA | D4: =Transferencia!D4 -> claudio@engenhariapower.com.br | E4: =Transferencia!G4 -> 551230185487 | F4: =Transferencia!H4 -> e-CPF A3 - 3 anos | G4: =Transferencia!J4 -> PONTO DE ATENDIMENTO AR CERTIFAST - ANDROMEDA/SP | H4: =VLOOKUP(G4,Página1!G:L,6,0) -> Rogério | I4: Aprovado | J4: =Transferencia!L4 -> 027.312.736-58 | K4: =Transferencia!M4
A5: =Transferencia!A5 -> 22904676 | B5: =Transferencia!B5 -> 01/02/2025 | C5: =Transferencia!C5 -> EDMUNDO MARIANO DA COSTA LANNA | D5: =Transferencia!D5 -> contabilidade@cimcop.com.br | E5: =Transferencia!G5 -> 5531991665091 | F5: =Transferencia!H5 -> e-CNPJ A1 - 1 ano | G5: =Transferencia!J5 -> Ponto de Atendimento AR Certifast - Prado BH/MG | H5: =VLOOKUP(G5,Página1!G:L,6,0) -> Isabella | I5: Aprovado | J5: =Transferencia!L5 -> 522.536.866-20 | K5: =Transferencia!M5 -> 17.161.464/0001-82
A6: =Transferencia!A6 -> 22925222 | B6: =Transferencia!B6 -> 01/02/2025 | C6: =Transferencia!C6 -> MARIA GISELE CRUZ ANDRADE | D6: =Transferencia!D6 -> adm.monteferragens@gmail.com | E6: =Transferencia!G6 -> 5511939391930 | F6: =Transferencia!H6 -> e-CNPJ A1 - 1 ano | G6: =Transferencia!J6 -> Ponto de Atendimento AR Certifast - Maua Centro/SP | H6: =VLOOKUP(G6,Página1!G:L,6,0) -> Ingrid | I6: Aprovado | J6: =Transferencia!L6 -> 401.065.218-70 | K6: =Transferencia!M6 -> 49.393.402/0001-92
A7: =Transferencia!A7 -> 22978910 | B7: =Transferencia!B7 -> 01/02/2025 | C7: =Transferencia!C7 -> RAFAEL RODRIGUES DE MELO | D7: =Transferencia!D7 -> jh.contabilidade@hotmail.com | E7: =Transferencia!G7 -> 5511984111572 | F7: =Transferencia!H7 -> e-CNPJ A1 - PME | G7: =Transferencia!J7 -> PONTO DE ATENDIMENTO AR CERTIFAST - ANDROMEDA/SP | H7: =VLOOKUP(G7,Página1!G:L,6,0) -> Rogério | I7: Aprovado | J7: =Transferencia!L7 -> 348.833.098-27 | K7: =Transferencia!M7 -> 53.594.729/0001-08
A8: =Transferencia!A8 -> 23000204 | B8: =Transferencia!B8 -> 01/02/2025 | C8: =Transferencia!C8 -> WALTER SILVEIRA | D8: =Transferencia!D8 -> coord.societario@reluzcontabil.com.br | E8: =Transferencia!G8 -> 5511998586363 | F8: =Transferencia!H8 -> e-CNPJ A1 - PME | G8: =Transferencia!J8 -> Ponto de Atendimento AR Certifast - Maua Centro/SP | H8: =VLOOKUP(G8,Página1!G:L,6,0) -> Ingrid | I8: Aprovado | J8: =Transferencia!L8 -> 614.447.588-53 | K8: =Transferencia!M8 -> 39.378.578/0002-00
A9: =Transferencia!A9 -> 23005642 | B9: =Transferencia!B9 -> 01/02/2025 | C9: =Transferencia!C9 -> EMERSON LUIS TEIXEIRA | D9: =Transferencia!D9 -> brenda.bulgarelli@biocontabil.com.br | E9: =Transferencia!G9 -> 5511996005678 | F9: =Transferencia!H9 -> e-CNPJ A1 - PME | G9: =Transferencia!J9 -> PONTO DE ATENDIMENTO AR CERTIFAST - ANDROMEDA/SP | H9: =VLOOKUP(G9,Página1!G:L,6,0) -> Rogério | I9: Aprovado | J9: =Transferencia!L9 -> 139.953.418-10 | K9: =Transferencia!M9 -> 19.005.929/0001-31
A10: =Transferencia!A10 -> 23009504 | B10: =Transferencia!B10 -> 01/02/2025 | C10: =Transferencia!C10 -> ADALBERTO FERREIRA FILHO | D10: =Transferencia!D10 -> brun31ma@terra.com.br | E10: =Transferencia!G10 -> 55 | F10: =Transferencia!H10 -> e-CNPJ A1 - PME | G10: =Transferencia!J10 -> Ponto de Atendimento AR Certifast - Maua Centro/SP | H10: =VLOOKUP(G10,Página1!G:L,6,0) -> Ingrid | I10: Aprovado | J10: =Transferencia!L10 -> 008.226.258-65 | K10: =Transferencia!M10 -> 35.524.722/0001-20
A11: =Transferencia!A11 -> 23013368 | B11: =Transferencia!B11 -> 01/02/2025 | C11: =Transferencia!C11 -> HUGO CARDOSO GONCALVES PEREIRA | D11: =Transferencia!D11 -> goncalves.hugo@outlook.com | E11: =Transferencia!G11 -> 5511949407981 | F11: =Transferencia!H11 -> e-CNPJ A1 - 1 ano | G11: =Transferencia!J11 -> Ponto de Atendimento AR Certifast - Maua Centro/SP | H11: =VLOOKUP(G11,Página1!G:L,6,0) -> Ingrid | I11: Aprovado | J11: =Transferencia!L11 -> 403.679.028-50 | K11: =Transferencia!M11 -> 37.403.134/0001-63
A12: =Transferencia!A12 -> 23014736 | B12: =Transferencia!B12 -> 01/02/2025 | C12: =Transferencia!C12 -> DAYANE ONILES BATISTA DA SILVA | D12: =Transferencia!D12 -> dayane.obs@gmail.com | E12: =Transferencia!G12 -> 55 | F12: =Transferencia!H12 -> e-CNPJ A1 - 1 ano | G12: =Transferencia!J12 -> Ponto de Atendimento AR Certifast - Maua Centro/SP | H12: =VLOOKUP(G12,Página1!G:L,6,0) -> Ingrid | I12: Aprovado | J12: =Transferencia!L12 -> 375.947.258-32 | K12: =Transferencia!M12 -> 46.138.623/0001-26
A13: =Transferencia!A13 -> 23018988 | B13: =Transferencia!B13 -> 01/02/2025 | C13: =Transferencia!C13 -> ALBERTO SIQUEIRA FERREIRA | D13: =Transferencia!D13 -> albertosq@gmail.com | E13: =Transferencia!G13 -> 55 | F13: =Transferencia!H13 -> e-CNPJ A1 - PME | G13: =Transferencia!J13 -> Ponto de Atendimento AR Certifast - Maua Centro/SP | H13: =VLOOKUP(G13,Página1!G:L,6,0) -> Ingrid | I13: Aprovado | J13: =Transferencia!L13 -> 377.932.518-73 | K13: =Transferencia!M13 -> 37.005.872/0001-52 | L13: D DE S DIAS
A14: =Transferencia!A14 -> 23021199 | B14: =Transferencia!B14 -> 01/02/2025 | C14: =Transferencia!C14 -> AGENILTO ALVES DA CRUZ | D14: =Transferencia!D14 -> coord.societario@reluzcontabil.com.br | E14: =Transferencia!G14 -> 5511971486400 | F14: =Transferencia!H14 -> e-CPF A1 - 1 ano | G14: =Transferencia!J14 -> Ponto de Atendimento AR Certifast - Maua Centro/SP | H14: =VLOOKUP(G14,Página1!G:L,6,0) -> Ingrid | I14: Aprovado | J14: =Transferencia!L14 -> 182.969.108-29 | K14: =Transferencia!M14 | L14: SOLUTION SITES SOLUCAO INFORMATIZADA LTDA
A15: =Transferencia!A15 -> 23022711 | B15: =Transferencia!B15 -> 01/02/2025 | C15: =Transferencia!C15 -> ANA PAULA OJEDA DE OLIVEIRA | D15: =Transferencia!D15 -> coord.societario@reluzcontabil.com.br | E15: =Transferencia!G15 -> 5511911445032 | F15: =Transferencia!H15 -> e-CPF A1 - 1 ano | G15: =Transferencia!J15 -> Ponto de Atendimento AR Certifast - Maua Centro/SP | H15: =VLOOKUP(G15,Página1!G:L,6,0) -> Ingrid | I15: Aprovado | J15: =Transferencia!L15 -> 221.613.368-00 | K15: =Transferencia!M15
A16: =Transferencia!A16 -> 23023472 | B16: =Transferencia!B16 -> 01/02/2025 | C16: =Transferencia!C16 -> MARCEL SANT ANA GUARIENTE | D16: =Transferencia!D16 -> marcel.guariente@gmail.com | E16: =Transferencia!G16 -> 55 | F16: =Transferencia!H16 -> e-CPF A1 - 1 ano | G16: =Transferencia!J16 -> Ponto de Atendimento AR Certifast - Maua Centro/SP | H16: =VLOOKUP(G16,Página1!G:L,6,0) -> Ingrid | I16: Aprovado | J16: =Transferencia!L16 -> 410.216.078-78 | K16: =Transferencia!M16
A17: =Transferencia!A17 -> 23026458 | B17: =Transferencia!B17 -> 01/02/2025 | C17: =Transferencia!C17 -> ADALTO LOURENCO SANTOS | D17: =Transferencia!D17 -> coord.societario@reluzcontabil.com.br | E17: =Transferencia!G17 -> 5513997174553 | F17: =Transferencia!H17 -> e-CNPJ A1 - PME | G17: =Transferencia!J17 -> Ponto de Atendimento AR Certifast - Maua Centro/SP | H17: =VLOOKUP(G17,Página1!G:L,6,0) -> Ingrid | I17: Aprovado | J17: =Transferencia!L17 -> 289.509.778-00 | K17: =Transferencia!M17 -> 32.147.600/0001-73 | L17: NEUSA LIMA DE OLIVEIRA DA SILVA 26970247864
A18: =Transferencia!A18 -> 23026909 | B18: =Transferencia!B18 -> 01/02/2025 | C18: =Transferencia!C18 -> GISLAINE MARTINS | D18: =Transferencia!D18 -> contabilidade2@escritoriocontabiletica.com.br | E18: =Transferencia!G18 -> 55 | F18: =Transferencia!H18 -> e-CNPJ A1 - 1 ano | G18: =Transferencia!J18 -> Ponto de Atendimento AR Certifast - Maua Centro/SP | H18: =VLOOKUP(G18,Página1!G:L,6,0) -> Ingrid | I18: Aprovado | J18: =Transferencia!L18 -> 170.433.338-57 | K18: =Transferencia!M18 -> 10.994.130/0001-40 | L18: REPRESENTACOES J SILVA LTDA
A19: =Transferencia!A19 -> 23027103 | B19: =Transferencia!B19 -> 01/02/2025 | C19: =Transferencia!C19 -> JOSE FABIO NETTO PARENTONI | D19: =Transferencia!D19 -> henriquepedrosa@madeplan.com.br | E19: =Transferencia!G19 -> 5531989014897 | F19: =Transferencia!H19 -> e-CNPJ A1 - 1 ano | G19: =Transferencia!J19 -> Ponto de Atendimento AR Certifast - Prado BH/MG | H19: =VLOOKUP(G19,Página1!G:L,6,0) -> Isabella | I19: Aprovado | J19: =Transferencia!L19 -> 500.784.886-72 | K19: =Transferencia!M19 -> 21.097.712/0001-40 | L19: RONECAL METAIS LTDA
A20: =Transferencia!A20 -> 23028744 | B20: =Transferencia!B20 -> 01/02/2025 | C20: =Transferencia!C20 -> LEANDRO CUNHA LOBO | D20: =Transferencia!D20 -> coord.societario@reluzcontabil.com.br | E20: =Transferencia!G20 -> 5511947888348 | F20: =Transferencia!H20 -> e-CNPJ A1 - PME | G20: =Transferencia!J20 -> Ponto de Atendimento AR Certifast - Maua Centro/SP | H20: =VLOOKUP(G20,Página1!G:L,6,0) -> Ingrid | I20: Aprovado | J20: =Transferencia!L20 -> 290.105.428-58 | K20: =Transferencia!M20 -> 14.338.663/0001-25 | L20: ARENA DE LUTAS ARTES MARCIAIS LTDA
A21: =Transferencia!A21 -> 23029772 | B21: =Transferencia!B21 -> 01/02/2025 | C21: =Transferencia!C21 -> MARCOS FIGUEIRA JAJA | D21: =Transferencia!D21 -> mavilinborges@gmail.com | E21: =Transferencia!G21 -> 5512991279955 | F21: =Transferencia!H21 -> e-CNPJ A1 - PME | G21: =Transferencia!J21 -> PONTO DE ATENDIMENTO AR CERTIFAST - ANDROMEDA/SP | H21: =VLOOKUP(G21,Página1!G:L,6,0) -> Rogério | I21: Aprovado | J21: =Transferencia!L21 -> 199.190.568-80 | K21: =Transferencia!M21 -> 48.790.576/0001-26 | L21: nova sao bernardo negocios imobiliarios ltda
A22: =Transferencia!A22 -> 23030018 | B22: =Transferencia!B22 -> 01/02/2025 | C22: =Transferencia!C22 -> WARLEY GONCALVES DA SILVA | D22: =Transferencia!D22 -> warley.gsilva@yahoo.com.br | E22: =Transferencia!G22 -> 5531988011346 | F22: =Transferencia!H22 -> e-CNPJ A1 - PME | G22: =Transferencia!J22 -> Ponto de Atendimento AR Certifast - Prado BH/MG | H22: =VLOOKUP(G22,Página1!G:L,6,0) -> Isabella | I22: Aprovado | J22: =Transferencia!L22 -> 068.149.256-21 | K22: =Transferencia!M22 -> 53.190.477/0001-43 | L22: CONSORCIO SDT SUL
A23: =Transferencia!A23 -> 23030433 | B23: =Transferencia!B23 -> 01/02/2025 | C23: =Transferencia!C23 -> DEOCLECIO GOMES DO NASCIMENTO | D23: =Transferencia!D23 -> contresult@gmail.com | E23: =Transferencia!G23 -> 5512974014347 | F23: =Transferencia!H23 -> e-PJ A1 - 1 ano | G23: =Transferencia!J23 -> PONTO DE ATENDIMENTO AR CERTIFAST - ANDROMEDA/SP | H23: =VLOOKUP(G23,Página1!G:L,6,0) -> Rogério | I23: Aprovado | J23: =Transferencia!L23 -> 253.457.518-03 | K23: =Transferencia!M23 -> 07.530.477/0001-28 | L23: CONSORCIO DARWIN TB EXTREMO NORTE
A24: =Transferencia!A24 -> 23030865 | B24: =Transferencia!B24 -> 01/02/2025 | C24: =Transferencia!C24 -> RODRIGO MAIA DURANTE | D24: =Transferencia!D24 -> rodrigo@jpcientifica.com.br | E24: =Transferencia!G24 -> 5531991920025 | F24: =Transferencia!H24 -> e-CNPJ A1 - PME | G24: =Transferencia!J24 -> Ponto de Atendimento AR Certifast - Prado BH/MG | H24: =VLOOKUP(G24,Página1!G:L,6,0) -> Isabella | I24: Aprovado | J24: =Transferencia!L24 -> 029.216.446-73 | K24: =Transferencia!M24 -> 49.387.733/0001-10 | L24: CONSORCIO DARWIN TB SAO MIGUEL PAULISTA
A25: =Transferencia!A25 -> 23031487 | B25: =Transferencia!B25 -> 01/02/2025 | C25: =Transferencia!C25 -> PATRICK TEIXEIRA DUARTE | D25: =Transferencia!D25 -> patricktd@gmail.com | E25: =Transferencia!G25 -> 5531993956144 | F25: =Transferencia!H25 -> e-CNPJ A1 - PME | G25: =Transferencia!J25 -> Ponto de Atendimento AR Certifast - Prado BH/MG | H25: =VLOOKUP(G25,Página1!G:L,6,0) -> Isabella | I25: Aprovado | J25: =Transferencia!L25 -> 035.107.876-25 | K25: =Transferencia!M25 -> 37.558.567/0001-98
A26: =Transferencia!A26 -> 19967581 | B26: =Transferencia!B26 -> 02/02/2025 | C26: =Transferencia!C26 -> LETICIA VARIN ANTUNES | D26: =Transferencia!D26 -> leticia.varin@tjmg.jus.br | E26: =Transferencia!G26 -> 5535999664635 | F26: =Transferencia!H26 -> e-CPF A3 - 3 anos | G26: =Transferencia!J26 -> Ponto de Atendimento AR Certifast - Pauliceia/SP - Jus | H26: =VLOOKUP(G26,Página1!G:L,6,0) -> #N/A | I26: Aprovado | J26: =Transferencia!L26 -> 288.413.228-70 | K26: =Transferencia!M26
A27: =Transferencia!A27 -> 20034536 | B27: =Transferencia!B27 -> 02/02/2025 | C27: =Transferencia!C27 -> ANDRE KEIGO YOSHIKAWA | D27: =Transferencia!D27 -> keigo@uol.com.br | E27: =Transferencia!G27 -> 5511994941257 | F27: =Transferencia!H27 -> e-CNPJ A3 - 3 anos | G27: =Transferencia!J27 -> AR Certifast | H27: =VLOOKUP(G27,Página1!G:L,6,0) -> Alexandre | I27: Aprovado | J27: =Transferencia!L27 -> 184.758.198-69 | K27: =Transferencia!M27 -> 00.565.701/0001-78 | L27: 51 568 663 JEFFERSON ALVES DE SOUZA
A28: =Transferencia!A28 -> 20043536 | B28: =Transferencia!B28 -> 03/02/2025 | C28: =Transferencia!C28 -> WALDEMIRO ELIAS MEIRA JUNIOR | D28: =Transferencia!D28 -> ALVES.MEIRA@HOTMAIL.COM | E28: =Transferencia!G28 -> 5566999632858 | F28: =Transferencia!H28 -> e-CNPJ A3 - 3 anos - PME | G28: =Transferencia!J28 -> AR Certifast | H28: =VLOOKUP(G28,Página1!G:L,6,0) -> Alexandre | I28: Aprovado | J28: =Transferencia!L28 -> 862.909.591-15 | K28: =Transferencia!M28 -> 02.590.231/0001-28 | L28: 48 948 530 BARBARA MAIULI DE LIMA KOMATSU
A29: =Transferencia!A29 -> 22949586 | B29: =Transferencia!B29 -> 04/02/2025 | C29: =Transferencia!C29 -> FABIO HENRIQUE DE OLIVEIRA MARTINS | D29: =Transferencia!D29 -> financeiro@onoffmarketing.com.br | E29: =Transferencia!G29 -> 5531987092523 | F29: =Transferencia!H29 -> e-CNPJ A1 - PME | G29: =Transferencia!J29 -> Ponto de Atendimento AR Certifast - Prado BH/MG | H29: =VLOOKUP(G29,Página1!G:L,6,0) -> Isabella | I29: Aprovado | J29: =Transferencia!L29 -> 067.812.186-97 | K29: =Transferencia!M29 -> 21.491.555/0001-53
A30: =Transferencia!A30 -> 22976869 | B30: =Transferencia!B30 -> 04/02/2025 | C30: =Transferencia!C30 -> DOUGLAS MICHAEL SIMMONS | D30: =Transferencia!D30 -> contabilidade@afccontabilsjc.com.br | E30: =Transferencia!G30 -> 5512991726007 | F30: =Transferencia!H30 -> e-CNPJ A1 - PME | G30: =Transferencia!J30 -> PONTO DE ATENDIMENTO AR CERTIFAST - ANDROMEDA/SP | H30: =VLOOKUP(G30,Página1!G:L,6,0) -> Rogério | I30: Aprovado | J30: =Transferencia!L30 -> 236.078.878-70 | K30: =Transferencia!M30 -> 30.990.328/0001-63 | L30: WILSON PICCOLI RECICLAGEM LTDA
A31: =Transferencia!A31 -> 23000842 | B31: =Transferencia!B31 -> 04/02/2025 | C31: =Transferencia!C31 -> PAULO HENRIQUE DOMINGUES SARAIVA | D31: =Transferencia!D31 -> controladoria@accmg.com.br | E31: =Transferencia!G31 -> 5531991731289 | F31: =Transferencia!H31 -> e-CNPJ A1 - 1 ano | G31: =Transferencia!J31 -> Ponto de Atendimento AR Certifast - Prado BH/MG | H31: =VLOOKUP(G31,Página1!G:L,6,0) -> Isabella | I31: Aprovado | J31: =Transferencia!L31 -> 048.132.836-08 | K31: =Transferencia!M31 -> 08.000.185/0001-46 | L31: HLA PARTICIPACOES LTDA
A32: =Transferencia!A32 -> 23003039 | B32: =Transferencia!B32 -> 04/02/2025 | C32: =Transferencia!C32 -> ROSIMEIRA IRMA DO NASCIMENTO MARTAURO | D32: =Transferencia!D32 -> coord.societario@reluzcontabil.com.br | E32: =Transferencia!G32 -> 5511982234577 | F32: =Transferencia!H32 -> e-CNPJ A1 - PME | G32: =Transferencia!J32 -> Ponto de Atendimento AR Certifast - Maua Centro/SP | H32: =VLOOKUP(G32,Página1!G:L,6,0) -> Ingrid | I32: Aprovado | J32: =Transferencia!L32 -> 178.482.678-22 | K32: =Transferencia!M32 -> 34.551.599/0001-73 | L32: GELLI E ABREU COMERCIO DE COLCHOES LTDA
A33: =Transferencia!A33 -> 23009603 | B33: =Transferencia!B33 -> 04/02/2025 | C33: =Transferencia!C33 -> MARIA CRISTINA SIMOES SILVERIO | D33: =Transferencia!D33 -> contabilidade@afccontabilsjc.com.br | E33: =Transferencia!G33 -> 5512988301250 | F33: =Transferencia!H33 -> e-CNPJ A1 - PME | G33: =Transferencia!J33 -> PONTO DE ATENDIMENTO AR CERTIFAST - ANDROMEDA/SP | H33: =VLOOKUP(G33,Página1!G:L,6,0) -> Rogério | I33: Aprovado | J33: =Transferencia!L33 -> 479.570.696-49 | K33: =Transferencia!M33 -> 22.690.586/0001-04 | L33: BEIRA RIO COMERCIO E SERVICOS LTDA
A34: =Transferencia!A34 -> 23015299 | B34: =Transferencia!B34 -> 04/02/2025 | C34: =Transferencia!C34 -> NAGIBA EL JALIS | D34: =Transferencia!D34 -> contabilidade@afccontabilsjc.com.br | E34: =Transferencia!G34 -> 5512991209254 | F34: =Transferencia!H34 -> e-CNPJ A1 - PME | G34: =Transferencia!J34 -> PONTO DE ATENDIMENTO AR CERTIFAST - ANDROMEDA/SP | H34: =VLOOKUP(G34,Página1!G:L,6,0) -> Rogério | I34: Aprovado | J34: =Transferencia!L34 -> 624.789.158-04 | K34: =Transferencia!M34 -> 60.074.234/0001-05 | L34: RIVERSIDE HOLDING BUSSINESS AND PARTICIPATIONS LT
A35: =Transferencia!A35 -> 23021471 | B35: =Transferencia!B35 -> 04/02/2025 | C35: =Transferencia!C35 -> GUILHERME DE CARVALHO LOURES | D35: =Transferencia!D35 -> coord.societario@reluzcontabil.com.br | E35: =Transferencia!G35 -> 5511952377440 | F35: =Transferencia!H35 -> e-CNPJ A1 - PME | G35: =Transferencia!J35 -> Ponto de Atendimento AR Certifast - Maua Centro/SP | H35: =VLOOKUP(G35,Página1!G:L,6,0) -> Ingrid | I35: Aprovado | J35: =Transferencia!L35 -> 480.085.028-27 | K35: =Transferencia!M35 -> 53.704.787/0001-39 | L35: Cosma Do Brasil Produtos e Servicos Automotivos L
A36: =Transferencia!A36 -> 23023341 | B36: =Transferencia!B36 -> 04/02/2025 | C36: =Transferencia!C36 -> VINICIUS GOMES DA SILVA | D36: =Transferencia!D36 -> distribuidorajrmix@gmail.com | E36: =Transferencia!G36 -> 5511946601631 | F36: =Transferencia!H36 -> e-CNPJ A1 - PME | G36: =Transferencia!J36 -> PONTO DE ATENDIMENTO AR CERTIFAST - ANDROMEDA/SP | H36: =VLOOKUP(G36,Página1!G:L,6,0) -> Rogério | I36: Aprovado | J36: =Transferencia!L36 -> 100.928.914-46 | K36: =Transferencia!M36 -> 53.742.281/0001-14
A37: =Transferencia!A37 -> 23025989 | B37: =Transferencia!B37 -> 04/02/2025 | C37: =Transferencia!C37 -> WESLEY VINICIUS ROSA MARTINS | D37: =Transferencia!D37 -> wesley@hortifrutiemporiominas.com.br | E37: =Transferencia!G37 -> 5531984857204 | F37: =Transferencia!H37 -> e-CNPJ A1 - PME | G37: =Transferencia!J37 -> Ponto de Atendimento AR Certifast - Prado BH/MG | H37: =VLOOKUP(G37,Página1!G:L,6,0) -> Isabella | I37: Aprovado | J37: =Transferencia!L37 -> 086.888.796-05 | K37: =Transferencia!M37 -> 35.684.358/0001-65 | L37: LVACP EDUCACIONAL LTDA
A38: =Transferencia!A38 -> 23027405 | B38: =Transferencia!B38 -> 04/02/2025 | C38: =Transferencia!C38 -> FERNANDO DE MOURA GOMES | D38: =Transferencia!D38 -> leandropradoilha@gmail.com | E38: =Transferencia!G38 -> 5512997760065 | F38: =Transferencia!H38 -> e-CNPJ A1 - PME | G38: =Transferencia!J38 -> PONTO DE ATENDIMENTO AR CERTIFAST - ANDROMEDA/SP | H38: =VLOOKUP(G38,Página1!G:L,6,0) -> Rogério | I38: Aprovado | J38: =Transferencia!L38 -> 267.961.728-25 | K38: =Transferencia!M38 -> 43.602.169/0001-24 | L38: GUSTAVO SALVADOR CAMPOS TREINAMENTO
A39: =Transferencia!A39 -> 23030393 | B39: =Transferencia!B39 -> 04/02/2025 | C39: =Transferencia!C39 -> ANA LUIZA GUIMARAES DUARTE | D39: =Transferencia!D39 -> distribuidoraachou@gmail.com | E39: =Transferencia!G39 -> 5531988366384 | F39: =Transferencia!H39 -> e-CNPJ A1 - PME | G39: =Transferencia!J39 -> Ponto de Atendimento AR Certifast - Prado BH/MG | H39: =VLOOKUP(G39,Página1!G:L,6,0) -> Isabella | I39: Aprovado | J39: =Transferencia!L39 -> 139.406.646-50 | K39: =Transferencia!M39 -> 40.488.107/0001-45 | L39: 50 328 212 NATHALIA LOPES DA SILVA
A40: =Transferencia!A40 -> 23031428 | B40: =Transferencia!B40 -> 04/02/2025 | C40: =Transferencia!C40 -> JOSE CARLOS DE OLIVEIRA MONTEIRO | D40: =Transferencia!D40 -> arteemvidrosvdrr@gmail.com | E40: =Transferencia!G40 -> 5512991279045 | F40: =Transferencia!H40 -> e-CNPJ A1 - PME | G40: =Transferencia!J40 -> PONTO DE ATENDIMENTO AR CERTIFAST - ANDROMEDA/SP | H40: =VLOOKUP(G40,Página1!G:L,6,0) -> Rogério | I40: Aprovado | J40: =Transferencia!L40 -> 032.724.478-06 | K40: =Transferencia!M40 -> 06.998.055/0001-19 | L40: 42 658 348 VINICIUS ROBERTO DE OLIVEIRA GOMES
A41: =Transferencia!A41 -> 23031939 | B41: =Transferencia!B41 -> 04/02/2025 | C41: =Transferencia!C41 -> EMERSON ALVES RIBEIRO | D41: =Transferencia!D41 -> coord.societario@reluzcontabil.com.br | E41: =Transferencia!G41 -> 5511997706778 | F41: =Transferencia!H41 -> e-CNPJ A1 - PME | G41: =Transferencia!J41 -> Ponto de Atendimento AR Certifast - Maua Centro/SP | H41: =VLOOKUP(G41,Página1!G:L,6,0) -> Ingrid | I41: Aprovado | J41: =Transferencia!L41 -> 787.894.515-20 | K41: =Transferencia!M41 -> 10.762.665/0001-96
A42: =Transferencia!A42 -> 23034356 | B42: =Transferencia!B42 -> 04/02/2025 | C42: =Transferencia!C42 -> DJALMA AFONSO VIEIRA | D42: =Transferencia!D42 -> bless.assessoria@gmail.com | E42: =Transferencia!G42 -> 55 | F42: =Transferencia!H42 -> e-CNPJ A1 - PME | G42: =Transferencia!J42 -> Ponto de Atendimento AR Certifast - Maua Centro/SP | H42: =VLOOKUP(G42,Página1!G:L,6,0) -> Ingrid | I42: Aprovado | J42: =Transferencia!L42 -> 097.224.538-31 | K42: =Transferencia!M42 -> 49.422.269/0001-55 | L42: ALUMIPRATA ESQUADRIAS DE ALUMINIO ESPECIAIS LTDA
A43: =Transferencia!A43 -> 23035338 | B43: =Transferencia!B43 -> 04/02/2025 | C43: =Transferencia!C43 -> CLAUDIA PARIZ GALHARDO SALGADO TEIXEIRA | D43: =Transferencia!D43 -> gizafinancas@hotmail.com | E43: =Transferencia!G43 -> 5512981647000 | F43: =Transferencia!H43 -> e-CNPJ A1 - PME | G43: =Transferencia!J43 -> PONTO DE ATENDIMENTO AR CERTIFAST - ANDROMEDA/SP | H43: =VLOOKUP(G43,Página1!G:L,6,0) -> Rogério | I43: Aprovado | J43: =Transferencia!L43 -> 138.505.588-00 | K43: =Transferencia!M43 -> 09.592.407/0001-20 | L43: GUSTAVO BATISTA OZORIO 40932175805
A44: =Transferencia!A44 -> 23037305 | B44: =Transferencia!B44 -> 04/02/2025 | C44: =Transferencia!C44 -> ELIEL CERQUEIRA DE ARAUJO | D44: =Transferencia!D44 -> natarten@gmail.com | E44: =Transferencia!G44 -> 5512991611677 | F44: =Transferencia!H44 -> e-CNPJ A1 - PME | G44: =Transferencia!J44 -> PONTO DE ATENDIMENTO AR CERTIFAST - ANDROMEDA/SP | H44: =VLOOKUP(G44,Página1!G:L,6,0) -> Rogério | I44: Aprovado | J44: =Transferencia!L44 -> 865.433.772-91 | K44: =Transferencia!M44 -> 26.853.599/0001-08 | L44: TWISTER VANS TRANSPORTES E LOCADORA DE VEICULOS L
A45: =Transferencia!A45 -> 23037761 | B45: =Transferencia!B45 -> 04/02/2025 | C45: =Transferencia!C45 -> LUCIANO HENRIQUE PARSANESE | D45: =Transferencia!D45 -> mrexpress019@gmail.com | E45: =Transferencia!G45 -> 5512981637825 | F45: =Transferencia!H45 -> e-CNPJ A1 - 1 ano | G45: =Transferencia!J45 -> PONTO DE ATENDIMENTO AR CERTIFAST - ANDROMEDA/SP | H45: =VLOOKUP(G45,Página1!G:L,6,0) -> Rogério | I45: Aprovado | J45: =Transferencia!L45 -> 287.324.578-63 | K45: =Transferencia!M45 -> 33.734.170/0001-59 | L45: 17 971 421 LEONARDO FRIGO
A46: =Transferencia!A46 -> 22328236 | B46: =Transferencia!B46 -> 05/02/2025 | C46: =Transferencia!C46 -> AILTON ZACCARI | D46: =Transferencia!D46 -> contabilcaroto@gmail.com | E46: =Transferencia!G46 -> 55 | F46: =Transferencia!H46 -> e-CNPJ A3 - PME - 18 meses | G46: =Transferencia!J46 -> Ponto de Atendimento AR Certifast - Maua Centro/SP | H46: =VLOOKUP(G46,Página1!G:L,6,0) -> Ingrid | I46: Aprovado | J46: =Transferencia!L46 -> 056.697.068-62 | K46: =Transferencia!M46 -> 44.461.157/0001-90
A47: =Transferencia!A47 -> 22353185 | B47: =Transferencia!B47 -> 05/02/2025 | C47: =Transferencia!C47 -> VITOR KANASHIRO ICHIKAWA | D47: =Transferencia!D47 -> contabilcaroto@gmail.com | E47: =Transferencia!G47 -> 55 | F47: =Transferencia!H47 -> e-CNPJ A3 - PME - 18 meses | G47: =Transferencia!J47 -> Ponto de Atendimento AR Certifast - Maua Centro/SP | H47: =VLOOKUP(G47,Página1!G:L,6,0) -> Ingrid | I47: Aprovado | J47: =Transferencia!L47 -> 232.209.658-06 | K47: =Transferencia!M47 -> 44.475.543/0001-30 | L47: BORRACHINHA TAPETES EM E V A LTDA
A48: =Transferencia!A48 -> 22966516 | B48: =Transferencia!B48 -> 05/02/2025 | C48: =Transferencia!C48 -> FABIANO RODRIGUES VALENTIM PEREIRA | D48: =Transferencia!D48 -> fabiano.r.valentim@gmail.com | E48: =Transferencia!G48 -> 5531997416615 | F48: =Transferencia!H48 -> e-CNPJ A1 - PME | G48: =Transferencia!J48 -> Ponto de Atendimento AR Certifast - Prado BH/MG | H48: =VLOOKUP(G48,Página1!G:L,6,0) -> Isabella | I48: Aprovado | J48: =Transferencia!L48 -> 030.040.276-74 | K48: =Transferencia!M48 -> 53.547.274/0001-61
A49: =Transferencia!A49 -> 23002368 | B49: =Transferencia!B49 -> 05/02/2025 | C49: =Transferencia!C49 -> VITOR HIGINO DE ALMEIDA JESUS | D49: =Transferencia!D49 -> coord.societario@reluzcontabil.com.br | E49: =Transferencia!G49 -> 5511975276258 | F49: =Transferencia!H49 -> e-CNPJ A1 - PME | G49: =Transferencia!J49 -> Ponto de Atendimento AR Certifast - Maua Centro/SP | H49: =VLOOKUP(G49,Página1!G:L,6,0) -> Ingrid | I49: Aprovado | J49: =Transferencia!L49 -> 406.444.378-04 | K49: =Transferencia!M49 -> 24.236.466/0001-59 | L49: ADS HOLDING LTDA
A50: =Transferencia!A50 -> 23009727 | B50: =Transferencia!B50 -> 05/02/2025 | C50: =Transferencia!C50 -> WANDERSON DA SILVA | D50: =Transferencia!D50 -> patriciareismartins@hotmail.com | E50: =Transferencia!G50 -> 5512991263792 | F50: =Transferencia!H50 -> e-CNPJ A1 - PME | G50: =Transferencia!J50 -> PONTO DE ATENDIMENTO AR CERTIFAST - ANDROMEDA/SP | H50: =VLOOKUP(G50,Página1!G:L,6,0) -> Rogério | I50: Aprovado | J50: =Transferencia!L50 -> 220.783.858-75 | K50: =Transferencia!M50 -> 15.373.682/0001-55 | L50: W D NINCAO AUTO MECANICA
A51: =Transferencia!A51 -> 23018479 | B51: =Transferencia!B51 -> 05/02/2025 | C51: =Transferencia!C51 -> ALEFF TAVARES GOMES | D51: =Transferencia!D51 -> ricardo@rkcontabilidade.com.br | E51: =Transferencia!G51 -> 5511952086503 | F51: =Transferencia!H51 -> e-CNPJ A1 - PME | G51: =Transferencia!J51 -> Ponto de Atendimento AR Certifast - Maua Centro/SP | H51: =VLOOKUP(G51,Página1!G:L,6,0) -> Ingrid | I51: Aprovado | J51: =Transferencia!L51 -> 468.346.248-64 | K51: =Transferencia!M51 -> 53.110.206/0001-30 | L51: SUPREME COLCHOES E PLANEJADOS LTDA
A52: =Transferencia!A52 -> 23021161 | B52: =Transferencia!B52 -> 05/02/2025 | C52: =Transferencia!C52 -> MARIA SUELI PINHEIRO ALVES DA SILVA | D52: =Transferencia!D52 -> jh.contabilidade@hotmail.com | E52: =Transferencia!G52 -> 5511965274123 | F52: =Transferencia!H52 -> e-CNPJ A1 - PME | G52: =Transferencia!J52 -> PONTO DE ATENDIMENTO AR CERTIFAST - ANDROMEDA/SP | H52: =VLOOKUP(G52,Página1!G:L,6,0) -> Rogério | I52: Aprovado | J52: =Transferencia!L52 -> 277.945.158-07 | K52: =Transferencia!M52 -> 19.300.571/0001-70 | L52: M MONTEIRO GARCIA TRANSPORTES
A53: =Transferencia!A53 -> 23022329 | B53: =Transferencia!B53 -> 05/02/2025 | C53: =Transferencia!C53 -> CESAR AUGUSTO SILVA DOS SANTOS | D53: =Transferencia!D53 -> coord.societario@reluzcontabil.com.br | E53: =Transferencia!G53 -> 5511954634181 | F53: =Transferencia!H53 -> e-CNPJ A1 - PME | G53: =Transferencia!J53 -> Ponto de Atendimento AR Certifast - Maua Centro/SP | H53: =VLOOKUP(G53,Página1!G:L,6,0) -> Ingrid | I53: Aprovado | J53: =Transferencia!L53 -> 453.172.288-40 | K53: =Transferencia!M53 -> 52.627.570/0001-00 | L53: F L X COMERCIO DE COLCHOES LTDA
A54: =Transferencia!A54 -> 23026324 | B54: =Transferencia!B54 -> 05/02/2025 | C54: =Transferencia!C54 -> GISELE DE CASTRO RAMOS | D54: =Transferencia!D54 -> coord.societario@reluzcontabil.com.br | E54: =Transferencia!G54 -> 5513996059400 | F54: =Transferencia!H54 -> e-CNPJ A1 - PME | G54: =Transferencia!J54 -> Ponto de Atendimento AR Certifast - Maua Centro/SP | H54: =VLOOKUP(G54,Página1!G:L,6,0) -> Ingrid | I54: Aprovado | J54: =Transferencia!L54 -> 289.335.658-33 | K54: =Transferencia!M54 -> 26.848.429/0001-27 | L54: SOUZA E CASTRO COMERCIO DE COLCHOES LTDA
A55: =Transferencia!A55 -> 23026371 | B55: =Transferencia!B55 -> 05/02/2025 | C55: =Transferencia!C55 -> FABRICIO DIAS PAES | D55: =Transferencia!D55 -> fabriciodpaes@hotmail.com | E55: =Transferencia!G55 -> 5512981821414 | F55: =Transferencia!H55 -> e-CPF A1 - 1 ano | G55: =Transferencia!J55 -> PONTO DE ATENDIMENTO AR CERTIFAST - ANDROMEDA/SP | H55: =VLOOKUP(G55,Página1!G:L,6,0) -> Rogério | I55: Aprovado | J55: =Transferencia!L55 -> 332.245.258-19 | K55: =Transferencia!M55 | L55: ASSOCIACAO BIBLICA E CULTURAL DE MAUA
A56: =Transferencia!A56 -> 23027467 | B56: =Transferencia!B56 -> 05/02/2025 | C56: =Transferencia!C56 -> LUISE HELENE FURLAN BUENO | D56: =Transferencia!D56 -> coord.societario@reluzcontabil.com.br | E56: =Transferencia!G56 -> 5511940301101 | F56: =Transferencia!H56 -> e-CNPJ A1 - PME | G56: =Transferencia!J56 -> Ponto de Atendimento AR Certifast - Maua Centro/SP | H56: =VLOOKUP(G56,Página1!G:L,6,0) -> Ingrid | I56: Aprovado | J56: =Transferencia!L56 -> 145.296.328-22 | K56: =Transferencia!M56 -> 17.567.823/0001-04 | L56: 51 894 998 RAQUEL CALIXTO DOS SANTOS
A57: =Transferencia!A57 -> 23027590 | B57: =Transferencia!B57 -> 05/02/2025 | C57: =Transferencia!C57 -> FABIANA AMELIA REIS PANTUZZA | D57: =Transferencia!D57 -> fabiana.pantuzza@gmail.com | E57: =Transferencia!G57 -> 5531991915495 | F57: =Transferencia!H57 -> e-CNPJ A1 - PME | G57: =Transferencia!J57 -> Ponto de Atendimento AR Certifast - Prado BH/MG | H57: =VLOOKUP(G57,Página1!G:L,6,0) -> Isabella | I57: Aprovado | J57: =Transferencia!L57 -> 007.623.956-05 | K57: =Transferencia!M57 -> 36.105.396/0001-89 | L57: CAROLINA PASCUCCI DOS SANTOS 34774207802
A58: =Transferencia!A58 -> 23027676 | B58: =Transferencia!B58 -> 05/02/2025 | C58: =Transferencia!C58 -> JOSEMAR OZIMO DA SILVA | D58: =Transferencia!D58 -> coord.societario@reluzcontabil.com.br | E58: =Transferencia!G58 -> 5511999932357 | F58: =Transferencia!H58 -> e-CNPJ A1 - PME | G58: =Transferencia!J58 -> Ponto de Atendimento AR Certifast - Maua Centro/SP | H58: =VLOOKUP(G58,Página1!G:L,6,0) -> Ingrid | I58: Aprovado | J58: =Transferencia!L58 -> 161.128.678-69 | K58: =Transferencia!M58 -> 40.257.330/0001-81 | L58: 50 575 980 PAULO ALEXANDRE DE FREITAS
A59: =Transferencia!A59 -> 23038307 | B59: =Transferencia!B59 -> 05/02/2025 | C59: =Transferencia!C59 -> ALFREDO MAGNO DORNELES AIRES | D59: =Transferencia!D59 -> alfredodorneles@refriiso.com.br | E59: =Transferencia!G59 -> 5531998567864 | F59: =Transferencia!H59 -> e-CNPJ A1 - PME | G59: =Transferencia!J59 -> Ponto de Atendimento AR Certifast - Prado BH/MG | H59: =VLOOKUP(G59,Página1!G:L,6,0) -> Isabella | I59: Aprovado | J59: =Transferencia!L59 -> 047.579.216-59 | K59: =Transferencia!M59 -> 26.335.879/0001-16
A60: =Transferencia!A60 -> 23038891 | B60: =Transferencia!B60 -> 05/02/2025 | C60: =Transferencia!C60 -> MARCIO HENRIQUE ESPERANDIO DE SOUSA | D60: =Transferencia!D60 -> fiscal@matag.com.br | E60: =Transferencia!G60 -> 5512982062550 | F60: =Transferencia!H60 -> e-CNPJ A1 - PME | G60: =Transferencia!J60 -> PONTO DE ATENDIMENTO AR CERTIFAST - ANDROMEDA/SP | H60: =VLOOKUP(G60,Página1!G:L,6,0) -> Rogério | I60: Aprovado | J60: =Transferencia!L60 -> 479.440.618-57 | K60: =Transferencia!M60 -> 51.484.023/0001-50 | L60: J A DA SILVA ENGENHARIA DE SEGURANCA E MEIO AMBIE
A61: =Transferencia!A61 -> 23040127 | B61: =Transferencia!B61 -> 05/02/2025 | C61: =Transferencia!C61 -> GERARDO LOPEZ VIDAL | D61: =Transferencia!D61 -> vendas.vidalembalagens@gmail.com | E61: =Transferencia!G61 -> 551145132777 | F61: =Transferencia!H61 -> e-CNPJ A1 - 1 ano | G61: =Transferencia!J61 -> Ponto de Atendimento AR Certifast - Maua Centro/SP | H61: =VLOOKUP(G61,Página1!G:L,6,0) -> Ingrid | I61: Aprovado | J61: =Transferencia!L61 -> 007.127.468-54 | K61: =Transferencia!M61 -> 72.795.008/0001-00 | L61: FLANCIELIO MONTEIRO NASCIMENTO 37281274858
A62: =Transferencia!A62 -> 23040747 | B62: =Transferencia!B62 -> 05/02/2025 | C62: =Transferencia!C62 -> JOSE ALOISIO ARAUJO | D62: =Transferencia!D62 -> jaloisioaraujo@gmail.com | E62: =Transferencia!G62 -> 5512988318936 | F62: =Transferencia!H62 -> e-CNPJ A1 - PME | G62: =Transferencia!J62 -> PONTO DE ATENDIMENTO AR CERTIFAST - ANDROMEDA/SP | H62: =VLOOKUP(G62,Página1!G:L,6,0) -> Rogério | I62: Aprovado | J62: =Transferencia!L62 -> 041.202.146-30 | K62: =Transferencia!M62 -> 35.284.164/0001-72 | L62: ALESSANDRA M R DOS SANTOS TREINAMENTOS
A63: =Transferencia!A63 -> 23040748 | B63: =Transferencia!B63 -> 05/02/2025 | C63: =Transferencia!C63 -> LUCIANA CRISTOFALO DE MORAIS | D63: =Transferencia!D63 -> mavilinborges@gmail.com | E63: =Transferencia!G63 -> 5512991945344 | F63: =Transferencia!H63 -> e-CNPJ A1 - PME | G63: =Transferencia!J63 -> PONTO DE ATENDIMENTO AR CERTIFAST - ANDROMEDA/SP | H63: =VLOOKUP(G63,Página1!G:L,6,0) -> Rogério | I63: Aprovado | J63: =Transferencia!L63 -> 162.735.858-73 | K63: =Transferencia!M63 -> 26.194.140/0001-31 | L63: 51 379 336 LUIZ GABRIEL TEIXEIRA ARIAS
A64: =Transferencia!A64 -> 23043802 | B64: =Transferencia!B64 -> 05/02/2025 | C64: =Transferencia!C64 -> JEFFERSON AMORIM DOS SANTOS | D64: =Transferencia!D64 -> jeffersonamorin.soldas@gmail.com | E64: =Transferencia!G64 -> 5512982628408 | F64: =Transferencia!H64 -> e-CNPJ A1 - 1 ano | G64: =Transferencia!J64 -> PONTO DE ATENDIMENTO AR CERTIFAST - ANDROMEDA/SP | H64: =VLOOKUP(G64,Página1!G:L,6,0) -> Rogério | I64: Aprovado | J64: =Transferencia!L64 -> 366.316.758-55 | K64: =Transferencia!M64 -> 37.371.452/0001-90
A65: =Transferencia!A65 -> 23045082 | B65: =Transferencia!B65 -> 05/02/2025 | C65: =Transferencia!C65 -> MARIA JOSE MATEUS | D65: =Transferencia!D65 -> maria.mateus@camfer.com.br | E65: =Transferencia!G65 -> 5511997300790 | F65: =Transferencia!H65 -> e-CNPJ A1 - PME | G65: =Transferencia!J65 -> PONTO DE ATENDIMENTO AR CERTIFAST - ANDROMEDA/SP | H65: =VLOOKUP(G65,Página1!G:L,6,0) -> Rogério | I65: Aprovado | J65: =Transferencia!L65 -> 642.863.048-68 | K65: =Transferencia!M65 -> 24.462.134/0001-92
A66: =Transferencia!A66 -> 19946564 | B66: =Transferencia!B66 -> 06/02/2025 | C66: =Transferencia!C66 -> ERIKA CHYPRIADES JUNQUEIRA AMARANTE | D66: =Transferencia!D66 -> CONSULTORIOBORGESLAGOA@HOTMAIL.COM | E66: =Transferencia!G66 -> 5511999946385 | F66: =Transferencia!H66 -> e-CPF A3 - 3 anos | G66: =Transferencia!J66 -> AR Certifast | H66: =VLOOKUP(G66,Página1!G:L,6,0) -> Alexandre | I66: Aprovado | J66: =Transferencia!L66 -> 174.348.608-12 | K66: =Transferencia!M66 | L66: WILLIAM ROBERT DE OLIVEIRA 36621014830
A67: =Transferencia!A67 -> 19977076 | B67: =Transferencia!B67 -> 06/02/2025 | C67: =Transferencia!C67 -> ANDREA TORCHI | D67: =Transferencia!D67 -> andrea.torchi@gmail.com | E67: =Transferencia!G67 -> 554333244428 | F67: =Transferencia!H67 -> e-CPF A3 - 3 anos | G67: =Transferencia!J67 -> Ponto de Atendimento AR Certifast - Pauliceia/SP | H67: =VLOOKUP(G67,Página1!G:L,6,0) -> Alexandre | I67: Aprovado | J67: =Transferencia!L67 -> 879.991.889-72 | K67: =Transferencia!M67
A68: =Transferencia!A68 -> 19978735 | B68: =Transferencia!B68 -> 06/02/2025 | C68: =Transferencia!C68 -> JULIANA SIQUEIRA BELTRAO CALDAS | D68: =Transferencia!D68 -> jubeltrao76@gmail.com | E68: =Transferencia!G68 -> 5531991619288 | F68: =Transferencia!H68 -> e-CPF A3 - 3 anos | G68: =Transferencia!J68 -> Ponto de Atendimento AR Certifast - Prado BH/MG - JUS | H68: =VLOOKUP(G68,Página1!G:L,6,0) -> Isabella | I68: Aprovado | J68: =Transferencia!L68 -> 036.250.996-40 | K68: =Transferencia!M68
A69: =Transferencia!A69 -> 20022623 | B69: =Transferencia!B69 -> 06/02/2025 | C69: =Transferencia!C69 -> ALEXANDRE KIYOSHI MISSAWA | D69: =Transferencia!D69 -> ALEXANDRE.KIYOSHI.MISSAWA@GMAIL.COM | E69: =Transferencia!G69 -> 5512981885479 | F69: =Transferencia!H69 -> e-CNPJ A3 - 3 anos | G69: =Transferencia!J69 -> PONTO DE ATENDIMENTO AR Certifast - Sao Jose dos Campos/SP | H69: =VLOOKUP(G69,Página1!G:L,6,0) -> Rafael | I69: Aprovado | J69: =Transferencia!L69 -> 341.317.638-26 | K69: =Transferencia!M69 -> 43.612.114/0001-03 | L69: FABIANA PEREIRA DA ROCHA RODRIGUES
A70: =Transferencia!A70 -> 20040163 | B70: =Transferencia!B70 -> 06/02/2025 | C70: =Transferencia!C70 -> MARIA CRISTINA CAMEIRAO DA MOTTA FRANCO | D70: =Transferencia!D70 -> guilherme@loctok.com.br | E70: =Transferencia!G70 -> 5511984361211 | F70: =Transferencia!H70 -> e-CNPJ A3 - 3 anos | G70: =Transferencia!J70 -> AR Certifast | H70: =VLOOKUP(G70,Página1!G:L,6,0) -> Alexandre | I70: Aprovado | J70: =Transferencia!L70 -> 033.268.448-24 | K70: =Transferencia!M70 -> 12.899.630/0001-29
A71: =Transferencia!A71 -> 22984211 | B71: =Transferencia!B71 -> 06/02/2025 | C71: =Transferencia!C71 -> CLAUDIO SILVEIRA SANTOS | D71: =Transferencia!D71 -> contato@requintedecoracoes.com.br | E71: =Transferencia!G71 -> 5512997637827 | F71: =Transferencia!H71 -> e-CNPJ A1 - PME | G71: =Transferencia!J71 -> PONTO DE ATENDIMENTO AR CERTIFAST - ANDROMEDA/SP | H71: =VLOOKUP(G71,Página1!G:L,6,0) -> Rogério | I71: Aprovado | J71: =Transferencia!L71 -> 084.760.068-88 | K71: =Transferencia!M71 -> 19.289.121/0001-23 | L71: AUTO POSTO MASTER CHICO LTDA
A72: =Transferencia!A72 -> 22995427 | B72: =Transferencia!B72 -> 06/02/2025 | C72: =Transferencia!C72 -> JEAN VLADIMIR DIAS | D72: =Transferencia!D72 -> jean@meiaskeny.com.br | E72: =Transferencia!G72 -> 55 | F72: =Transferencia!H72 -> e-CPF A1 - 1 ano | G72: =Transferencia!J72 -> Ponto de Atendimento AR Certifast - Maua Centro/SP | H72: =VLOOKUP(G72,Página1!G:L,6,0) -> Ingrid | I72: Aprovado | J72: =Transferencia!L72 -> 097.294.998-45 | K72: =Transferencia!M72 | L72: RENATO ROSA SOCIEDADE INDIVIDUAL DE ADVOCACIA
A73: =Transferencia!A73 -> 23021240 | B73: =Transferencia!B73 -> 06/02/2025 | C73: =Transferencia!C73 -> JOSE GONZAGA DA SILVA | D73: =Transferencia!D73 -> mjgdoces@hotmail.com | E73: =Transferencia!G73 -> 5512981307093 | F73: =Transferencia!H73 -> e-CNPJ A1 - 1 ano | G73: =Transferencia!J73 -> PONTO DE ATENDIMENTO AR CERTIFAST - ANDROMEDA/SP | H73: =VLOOKUP(G73,Página1!G:L,6,0) -> Rogério | I73: Aprovado | J73: =Transferencia!L73 -> 484.593.649-68 | K73: =Transferencia!M73 -> 10.475.973/0001-30
A74: =Transferencia!A74 -> 23025708 | B74: =Transferencia!B74 -> 06/02/2025 | C74: =Transferencia!C74 -> LUCAS NASTARI FERREIRA | D74: =Transferencia!D74 -> regiane@cbbsempresarial.com.br | E74: =Transferencia!G74 -> 5511985431044 | F74: =Transferencia!H74 -> e-CPF A1 - 1 ano | G74: =Transferencia!J74 -> AR Certifast | H74: =VLOOKUP(G74,Página1!G:L,6,0) -> Alexandre | I74: Aprovado | J74: =Transferencia!L74 -> 481.269.088-90 | K74: =Transferencia!M74 | L74: RAGI REFRIGERANTES LTDA
A75: =Transferencia!A75 -> 23029847 | B75: =Transferencia!B75 -> 06/02/2025 | C75: =Transferencia!C75 -> RAFAELA FERREIRA IASSIA | D75: =Transferencia!D75 -> iassiarafaela@gmail.com | E75: =Transferencia!G75 -> 55 | F75: =Transferencia!H75 -> e-CPF A1 - 1 ano | G75: =Transferencia!J75 -> Ponto de Atendimento AR Certifast - Maua Centro/SP | H75: =VLOOKUP(G75,Página1!G:L,6,0) -> Ingrid | I75: Aprovado | J75: =Transferencia!L75 -> 424.830.758-86 | K75: =Transferencia!M75 | L75: LINHAL IND E COM DE MATERIAIS PARA CONSTRUCAO LTD
A76: =Transferencia!A76 -> 23035912 | B76: =Transferencia!B76 -> 06/02/2025 | C76: =Transferencia!C76 -> DELANO FLAVIO SILVA ARAUJO | D76: =Transferencia!D76 -> delanosaraujo@gmail.com | E76: =Transferencia!G76 -> 5512991080126 | F76: =Transferencia!H76 -> e-CPF A1 - 1 ano | G76: =Transferencia!J76 -> PONTO DE ATENDIMENTO AR CERTIFAST - ANDROMEDA/SP | H76: =VLOOKUP(G76,Página1!G:L,6,0) -> Rogério | I76: Aprovado | J76: =Transferencia!L76 -> 007.797.766-15 | K76: =Transferencia!M76 | L76: CONDOMINIO CONJUNTO RESIDENCIAL PARQUE TRIANON BL
A77: =Transferencia!A77 -> 23037759 | B77: =Transferencia!B77 -> 06/02/2025 | C77: =Transferencia!C77 -> ELECIANE ARAUJO ANGELIN FERNANDES | D77: =Transferencia!D77 -> eleciane.fernandes@gmail.com | E77: =Transferencia!G77 -> 5512991147446 | F77: =Transferencia!H77 -> e-CNPJ A1 - 1 ano | G77: =Transferencia!J77 -> PONTO DE ATENDIMENTO AR CERTIFAST - ANDROMEDA/SP | H77: =VLOOKUP(G77,Página1!G:L,6,0) -> Rogério | I77: Aprovado | J77: =Transferencia!L77 -> 253.476.868-98 | K77: =Transferencia!M77 -> 50.783.496/0001-95 | L77: G DE SOUZA TRANSPORTES
A78: =Transferencia!A78 -> 23038364 | B78: =Transferencia!B78 -> 06/02/2025 | C78: =Transferencia!C78 -> EDSON HENRIQUE LIMA DOS SANTOS | D78: =Transferencia!D78 -> jh.contabilidade@hotmail.com | E78: =Transferencia!G78 -> 5511943385851 | F78: =Transferencia!H78 -> e-CNPJ A1 - PME | G78: =Transferencia!J78 -> PONTO DE ATENDIMENTO AR CERTIFAST - ANDROMEDA/SP | H78: =VLOOKUP(G78,Página1!G:L,6,0) -> Rogério | I78: Aprovado | J78: =Transferencia!L78 -> 460.481.738-30 | K78: =Transferencia!M78 -> 29.475.512/0001-96
A79: =Transferencia!A79 -> 23042051 | B79: =Transferencia!B79 -> 06/02/2025 | C79: =Transferencia!C79 -> JOELMA DE OLIVEIRA FERREIRA | D79: =Transferencia!D79 -> borbolletakids@gmail.com | E79: =Transferencia!G79 -> 5512996128882 | F79: =Transferencia!H79 -> e-CNPJ A1 - 1 ano | G79: =Transferencia!J79 -> PONTO DE ATENDIMENTO AR CERTIFAST - ANDROMEDA/SP | H79: =VLOOKUP(G79,Página1!G:L,6,0) -> Rogério | I79: Aprovado | J79: =Transferencia!L79 -> 223.474.788-00 | K79: =Transferencia!M79 -> 48.479.515/0001-42 | L79: CONSORCIO PESAGEM VIARIA SP
A80: =Transferencia!A80 -> 23043846 | B80: =Transferencia!B80 -> 06/02/2025 | C80: =Transferencia!C80 -> PEDRO HENRIQUE ESTEVES FURTADO | D80: =Transferencia!D80 -> pedrohefurtado@gmail.com | E80: =Transferencia!G80 -> 55 | F80: =Transferencia!H80 -> e-CPF A1 - 1 ano | G80: =Transferencia!J80 -> Ponto de Atendimento AR Certifast - Maua Centro/SP | H80: =VLOOKUP(G80,Página1!G:L,6,0) -> Ingrid | I80: Aprovado | J80: =Transferencia!L80 -> 415.892.318-21 | K80: =Transferencia!M80
A81: =Transferencia!A81 -> 23044100 | B81: =Transferencia!B81 -> 06/02/2025 | C81: =Transferencia!C81 -> PIETRA EDUARDA BELLINI | D81: =Transferencia!D81 -> pedrohefurtado@gmail.com | E81: =Transferencia!G81 -> 55 | F81: =Transferencia!H81 -> e-CPF A1 - 1 ano | G81: =Transferencia!J81 -> Ponto de Atendimento AR Certifast - Maua Centro/SP | H81: =VLOOKUP(G81,Página1!G:L,6,0) -> Ingrid | I81: Aprovado | J81: =Transferencia!L81 -> 489.708.448-21 | K81: =Transferencia!M81 | L81: MAURO DE ALMEIDA RIBEIRO
A82: =Transferencia!A82 -> 23044118 | B82: =Transferencia!B82 -> 06/02/2025 | C82: =Transferencia!C82 -> PATRICIA OLIVEIRA MONTANINI | D82: =Transferencia!D82 -> alan@slightsolution.com.br | E82: =Transferencia!G82 -> 55 | F82: =Transferencia!H82 -> e-CPF A1 - 1 ano | G82: =Transferencia!J82 -> Ponto de Atendimento AR Certifast - Maua Centro/SP | H82: =VLOOKUP(G82,Página1!G:L,6,0) -> Ingrid | I82: Aprovado | J82: =Transferencia!L82 -> 222.897.848-50 | K82: =Transferencia!M82 | L82: OTHON GUILHERME RIBEIRO BRAGA 09382531661
A83: =Transferencia!A83 -> 23045953 | B83: =Transferencia!B83 -> 06/02/2025 | C83: =Transferencia!C83 -> ARIADNE DA MATA SOUSA | D83: =Transferencia!D83 -> ariadnedamata@gmail.com | E83: =Transferencia!G83 -> 5511988430325 | F83: =Transferencia!H83 -> e-CNPJ A1 - 1 ano | G83: =Transferencia!J83 -> Ponto de Atendimento AR Certifast - Maua Centro/SP | H83: =VLOOKUP(G83,Página1!G:L,6,0) -> Ingrid | I83: Aprovado | J83: =Transferencia!L83 -> 700.172.521-80 | K83: =Transferencia!M83 -> 53.419.467/0001-37 | L83: H B FORMACAO PROFISSIONAL LTDA
A84: =Transferencia!A84 -> 23046250 | B84: =Transferencia!B84 -> 06/02/2025 | C84: =Transferencia!C84 -> GILSON APARECIDO LOPES | D84: =Transferencia!D84 -> financeiro@spfrutas.com.br | E84: =Transferencia!G84 -> 5512997076028 | F84: =Transferencia!H84 -> e-CNPJ A1 - PME | G84: =Transferencia!J84 -> PONTO DE ATENDIMENTO AR CERTIFAST - ANDROMEDA/SP | H84: =VLOOKUP(G84,Página1!G:L,6,0) -> Rogério | I84: Aprovado | J84: =Transferencia!L84 -> 063.839.318-30 | K84: =Transferencia!M84 -> 29.333.480/0001-94 | L84: CRESCER TERAPIA INFANTIL LTDA
A85: =Transferencia!A85 -> 23047095 | B85: =Transferencia!B85 -> 06/02/2025 | C85: =Transferencia!C85 -> VANDERLEI JUNIO DA SILVA | D85: =Transferencia!D85 -> vjassessoria.nr@gmail.com | E85: =Transferencia!G85 -> 5512996642395 | F85: =Transferencia!H85 -> e-CNPJ A1 - PME | G85: =Transferencia!J85 -> PONTO DE ATENDIMENTO AR CERTIFAST - ANDROMEDA/SP | H85: =VLOOKUP(G85,Página1!G:L,6,0) -> Rogério | I85: Aprovado | J85: =Transferencia!L85 -> 313.138.358-54 | K85: =Transferencia!M85 -> 48.337.574/0001-86
A86: =Transferencia!A86 -> 19998402 | B86: =Transferencia!B86 -> 07/02/2025 | C86: =Transferencia!C86 -> JULIANA MOTA BONANNI | D86: =Transferencia!D86 -> juliana.bonanni@tjmg.jus.br | E86: =Transferencia!G86 -> 5535988980854 | F86: =Transferencia!H86 -> e-CPF A3 - 3 anos | G86: =Transferencia!J86 -> AR Certifast - Jus | H86: =VLOOKUP(G86,Página1!G:L,6,0) -> Alexandre | I86: Aprovado | J86: =Transferencia!L86 -> 000.313.766-06 | K86: =Transferencia!M86
A87: =Transferencia!A87 -> 20019374 | B87: =Transferencia!B87 -> 07/02/2025 | C87: =Transferencia!C87 -> ALECSANDRO DE MOURA SILVA | D87: =Transferencia!D87 -> ALECSMS@YAHOO.COM.BR | E87: =Transferencia!G87 -> 5512981120556 | F87: =Transferencia!H87 -> e-CNPJ A3 - 3 anos | G87: =Transferencia!J87 -> PONTO DE ATENDIMENTO AR CERTIFAST - ANDROMEDA/SP | H87: =VLOOKUP(G87,Página1!G:L,6,0) -> Rogério | I87: Aprovado | J87: =Transferencia!L87 -> 250.425.358-37 | K87: =Transferencia!M87 -> 22.355.891/0001-31 | L87: LA PAZ LOCACAO E TRANSPORTES LTDA
A88: =Transferencia!A88 -> 20027153 | B88: =Transferencia!B88 -> 07/02/2025 | C88: =Transferencia!C88 -> TERESA CRISTINA BARBOSA BARRETO | D88: =Transferencia!D88 -> teresa.barreto@tjmg.jus.br | E88: =Transferencia!G88 -> 5531999792375 | F88: =Transferencia!H88 -> e-CPF A3 - 3 anos | G88: =Transferencia!J88 -> Ponto de Atendimento AR Certifast - Prado BH/MG | H88: =VLOOKUP(G88,Página1!G:L,6,0) -> Isabella | I88: Aprovado | J88: =Transferencia!L88 -> 884.646.606-34 | K88: =Transferencia!M88 | L88: AVEZ PROMOCIONAL LTDA
A89: =Transferencia!A89 -> 20035769 | B89: =Transferencia!B89 -> 07/02/2025 | C89: =Transferencia!C89 -> MELYSSA TAMIETTI SILVA | D89: =Transferencia!D89 -> MELYSSA.TAMIETTI@GMAIL.COM | E89: =Transferencia!G89 -> 5531993435315 | F89: =Transferencia!H89 -> e-CNPJ A3 - 3 anos | G89: =Transferencia!J89 -> Ponto de Atendimento AR Certifast - Prado BH/MG | H89: =VLOOKUP(G89,Página1!G:L,6,0) -> Isabella | I89: Aprovado | J89: =Transferencia!L89 -> 113.689.666-08 | K89: =Transferencia!M89 -> 45.029.620/0001-91 | L89: JANIS CRISTINA DE AZEVEDO 31455404837
A90: =Transferencia!A90 -> 20035789 | B90: =Transferencia!B90 -> 07/02/2025 | C90: =Transferencia!C90 -> ROBERTO RODRIGO DE MARCHI MENDES | D90: =Transferencia!D90 -> ROBERTO.MENDES@CERTISIGN.COM.BR | E90: =Transferencia!G90 -> 55 | F90: =Transferencia!H90 -> e-CPF A3 - 3 anos | G90: =Transferencia!J90 -> Ponto de Atendimento AR Certifast - Maua Centro/SP | H90: =VLOOKUP(G90,Página1!G:L,6,0) -> Ingrid | I90: Aprovado | J90: =Transferencia!L90 -> 221.653.518-47 | K90: =Transferencia!M90 | L90: KIOSQUE NKOZ LTDA
A91: =Transferencia!A91 -> 20036498 | B91: =Transferencia!B91 -> 07/02/2025 | C91: =Transferencia!C91 -> FABIO HENRIQUE GOMES DE OLIVEIRA SANTOS | D91: =Transferencia!D91 -> DIASCOTACAO@HOTMAIL.COM | E91: =Transferencia!G91 -> 5531997187081 | F91: =Transferencia!H91 -> e-CPF A3 - 3 anos | G91: =Transferencia!J91 -> Ponto de Atendimento AR Certifast - Prado BH/MG | H91: =VLOOKUP(G91,Página1!G:L,6,0) -> Isabella | I91: Aprovado | J91: =Transferencia!L91 -> 101.834.046-70 | K91: =Transferencia!M91 | L91: CONSORCIO DARWIN TB MAUA
A92: =Transferencia!A92 -> 20044127 | B92: =Transferencia!B92 -> 07/02/2025 | C92: =Transferencia!C92 -> GUILHERME LATINI FRANCA | D92: =Transferencia!D92 -> GUILHERME.FRANCA@NEXTGI.COM.BR | E92: =Transferencia!G92 -> 5531983652910 | F92: =Transferencia!H92 -> e-CPF A3 - 3 anos | G92: =Transferencia!J92 -> Ponto de Atendimento AR Certifast - Prado BH/MG | H92: =VLOOKUP(G92,Página1!G:L,6,0) -> Isabella | I92: Aprovado | J92: =Transferencia!L92 -> 014.835.026-78 | K92: =Transferencia!M92 | L92: EMBRAER GPX LTDA
A93: =Transferencia!A93 -> 20054438 | B93: =Transferencia!B93 -> 07/02/2025 | C93: =Transferencia!C93 -> RONALDO VIEIRA DA SILVA | D93: =Transferencia!D93 -> ADMTECNOR@GMAIL.COM | E93: =Transferencia!G93 -> 5511996632478 | F93: =Transferencia!H93 -> e-CNPJ A3 - 3 anos | G93: =Transferencia!J93 -> AR Certifast | H93: =VLOOKUP(G93,Página1!G:L,6,0) -> Alexandre | I93: Aprovado | J93: =Transferencia!L93 -> 092.701.298-70 | K93: =Transferencia!M93 -> 09.458.242/0001-06 | L93: ELITE JOIAS LTDA
A94: =Transferencia!A94 -> 22955939 | B94: =Transferencia!B94 -> 07/02/2025 | C94: =Transferencia!C94 -> CAROLINE CASTRO DE SOUZA | D94: =Transferencia!D94 -> contato@carolinecastro.com.br | E94: =Transferencia!G94 -> 5531975813506 | F94: =Transferencia!H94 -> e-CPF A1 - 1 ano | G94: =Transferencia!J94 -> Ponto de Atendimento AR Certifast - Prado BH/MG | H94: =VLOOKUP(G94,Página1!G:L,6,0) -> Isabella | I94: Aprovado | J94: =Transferencia!L94 -> 050.522.616-24 | K94: =Transferencia!M94 | L94: NOEMI CASSIANO DE FREITAS
A95: =Transferencia!A95 -> 22999919 | B95: =Transferencia!B95 -> 07/02/2025 | C95: =Transferencia!C95 -> ADRIANO PEREIRA VICENTE | D95: =Transferencia!D95 -> ap1531777@gmail.com | E95: =Transferencia!G95 -> 5512996800176 | F95: =Transferencia!H95 -> e-CPF A1 - 1 ano | G95: =Transferencia!J95 -> PONTO DE ATENDIMENTO AR CERTIFAST - ANDROMEDA/SP | H95: =VLOOKUP(G95,Página1!G:L,6,0) -> Rogério | I95: Aprovado | J95: =Transferencia!L95 -> 341.457.098-02 | K95: =Transferencia!M95 | L95: ELITE JOIAS LTDA
A96: =Transferencia!A96 -> 23009560 | B96: =Transferencia!B96 -> 07/02/2025 | C96: =Transferencia!C96 -> LARA CARVALHO MIRAGAIA COSTA | D96: =Transferencia!D96 -> contato@squemacontabil.com.br | E96: =Transferencia!G96 -> 5512997522141 | F96: =Transferencia!H96 -> e-CNPJ A1 - 1 ano | G96: =Transferencia!J96 -> PONTO DE ATENDIMENTO AR CERTIFAST - ANDROMEDA/SP | H96: =VLOOKUP(G96,Página1!G:L,6,0) -> Rogério | I96: Aprovado | J96: =Transferencia!L96 -> 542.178.158-59 | K96: =Transferencia!M96 -> 48.577.259/0001-26 | L96: ELITE JOIAS LTDA
A97: =Transferencia!A97 -> 23014617 | B97: =Transferencia!B97 -> 07/02/2025 | C97: =Transferencia!C97 -> FELIPE STEINDORF PESSOTTO | D97: =Transferencia!D97 -> contabilidade@afccontabilsjc.com.br | E97: =Transferencia!G97 -> 5512981412129 | F97: =Transferencia!H97 -> e-CNPJ A1 - PME | G97: =Transferencia!J97 -> PONTO DE ATENDIMENTO AR CERTIFAST - ANDROMEDA/SP | H97: =VLOOKUP(G97,Página1!G:L,6,0) -> Rogério | I97: Aprovado | J97: =Transferencia!L97 -> 085.287.819-25 | K97: =Transferencia!M97 -> 45.335.917/0001-85 | L97: NOEMI CASSIANO DE FREITAS
A98: =Transferencia!A98 -> 23015836 | B98: =Transferencia!B98 -> 07/02/2025 | C98: =Transferencia!C98 -> VALCEMIR AMORIM MORAIS | D98: =Transferencia!D98 -> coord.societario@reluzcontabil.com.br | E98: =Transferencia!G98 -> 5511959897067 | F98: =Transferencia!H98 -> e-CNPJ A1 - PME | G98: =Transferencia!J98 -> Ponto de Atendimento AR Certifast - Maua Centro/SP | H98: =VLOOKUP(G98,Página1!G:L,6,0) -> Ingrid | I98: Aprovado | J98: =Transferencia!L98 -> 022.551.247-50 | K98: =Transferencia!M98 -> 49.307.233/0001-20 | L98: ELITE JOIAS LTDA
A99: =Transferencia!A99 -> 23038890 | B99: =Transferencia!B99 -> 07/02/2025 | C99: =Transferencia!C99 -> ALEX SANDRO VILAS BOAS SILVA | D99: =Transferencia!D99 -> vbs3istore@gmail.com | E99: =Transferencia!G99 -> 5512988841923 | F99: =Transferencia!H99 -> e-CNPJ A1 - PME | G99: =Transferencia!J99 -> PONTO DE ATENDIMENTO AR CERTIFAST - ANDROMEDA/SP | H99: =VLOOKUP(G99,Página1!G:L,6,0) -> Rogério | I99: Aprovado | J99: =Transferencia!L99 -> 268.381.888-21 | K99: =Transferencia!M99 -> 40.976.244/0001-29 | L99: 53 030 984 RAFAEL HENRIQUE DE MEDEIROS
A100: =Transferencia!A100 -> 23039764 | B100: =Transferencia!B100 -> 07/02/2025 | C100: =Transferencia!C100 -> ANDRE LUIZ CALIXTO DA SILVA | D100: =Transferencia!D100 -> andrecalixtosilva@yahoo.com.br | E100: =Transferencia!G100 -> 5512992326082 | F100: =Transferencia!H100 -> e-CPF A1 - 1 ano | G100: =Transferencia!J100 -> Ponto de Atendimento AR Certifast - Prado BH/MG | H100: =VLOOKUP(G100,Página1!G:L,6,0) -> Isabella | I100: Aprovado | J100: =Transferencia!L100 -> 384.523.058-42 | K100: =Transferencia!M100
...

Sheet Transferencia
A1: Pedido | B1: Data de Vencimento | C1: Cliente | D1: Email | E1: Numero | F1: DDD | G1: Telefone | H1: Produto | I1: AR | J1: Ponto de Atendimento | K1: Status do Pedido | L1: CPF | M1: CNPJ | N1: Razão Social
A2: 19993515 | B2: 01/02/2025 | C2: GUSTAVO CORONADO SILVA | D2: DANUSIA@SMCONSUL.COM.BR | E2: 11940346464 | F2: 55 | G2: =CONCATENATE(F2,E2) -> 5511940346464 | H2: e-CNPJ A3 - 3 anos - PME | I2: AR CERTIFAST | J2: Ponto de Atendimento AR Certifast - Pauliceia/SP | K2: Aprovado | L2: 487.045.518-85 | M2: 24.020.767/0001-40 | N2: GMUD SERVICOS E INFORMATICA EIRELI
A3: 19998399 | B3: 01/02/2025 | C3: ISABELA PORTO NASCIMENTO | D3: isabela.nascimento@tjmg.jus.br | E3: 31975539005 | F3: 55 | G3: =CONCATENATE(F3,E3) -> 5531975539005 | H3: e-CPF A3 - 3 anos | I3: AR CERTIFAST | J3: Ponto de Atendimento AR Certifast - Prado BH/MG - JUS | K3: Aprovado | L3: 874.483.271-00
A4: 20008751 | B4: 01/02/2025 | C4: CLAUDIO LUIZ CARVALHO SOUZA | D4: claudio@engenhariapower.com.br | E4: 1230185487 | F4: 55 | G4: =CONCATENATE(F4,E4) -> 551230185487 | H4: e-CPF A3 - 3 anos | I4: AR CERTIFAST | J4: PONTO DE ATENDIMENTO AR CERTIFAST - ANDROMEDA/SP | K4: Aprovado | L4: 027.312.736-58
A5: 22904676 | B5: 01/02/2025 | C5: EDMUNDO MARIANO DA COSTA LANNA | D5: contabilidade@cimcop.com.br | E5: 31991665091 | F5: 55 | G5: =CONCATENATE(F5,E5) -> 5531991665091 | H5: e-CNPJ A1 - 1 ano | I5: AR CERTIFAST | J5: Ponto de Atendimento AR Certifast - Prado BH/MG | K5: Aprovado | L5: 522.536.866-20 | M5: 17.161.464/0001-82 | N5: CIMCOP S A ENGENHARIA E CONSTRUCOES
A6: 22925222 | B6: 01/02/2025 | C6: MARIA GISELE CRUZ ANDRADE | D6: adm.monteferragens@gmail.com | E6: 11939391930 | F6: 55 | G6: =CONCATENATE(F6,E6) -> 5511939391930 | H6: e-CNPJ A1 - 1 ano | I6: AR CERTIFAST | J6: Ponto de Atendimento AR Certifast - Maua Centro/SP | K6: Aprovado | L6: 401.065.218-70 | M6: 49.393.402/0001-92 | N6: MONTE FERRAGENS LTDA
A7: 22978910 | B7: 01/02/2025 | C7: RAFAEL RODRIGUES DE MELO | D7: jh.contabilidade@hotmail.com | E7: 11984111572 | F7: 55 | G7: =CONCATENATE(F7,E7) -> 5511984111572 | H7: e-CNPJ A1 - PME | I7: AR CERTIFAST | J7: PONTO DE ATENDIMENTO AR CERTIFAST - ANDROMEDA/SP | K7: Aprovado | L7: 348.833.098-27 | M7: 53.594.729/0001-08 | N7: REV COLCHOES LTDA
A8: 23000204 | B8: 01/02/2025 | C8: WALTER SILVEIRA | D8: coord.societario@reluzcontabil.com.br | E8: 11998586363 | F8: 55 | G8: =CONCATENATE(F8,E8) -> 5511998586363 | H8: e-CNPJ A1 - PME | I8: AR CERTIFAST | J8: Ponto de Atendimento AR Certifast - Maua Centro/SP | K8: Aprovado | L8: 614.447.588-53 | M8: 39.378.578/0002-00 | N8: ACONGA SANDALIAS E ACESSORIOS DO VESTUARIO LTDA
A9: 23005642 | B9: 01/02/2025 | C9: EMERSON LUIS TEIXEIRA | D9: brenda.bulgarelli@biocontabil.com.br | E9: 11996005678 | F9: 55 | G9: =CONCATENATE(F9,E9) -> 5511996005678 | H9: e-CNPJ A1 - PME | I9: AR CERTIFAST | J9: PONTO DE ATENDIMENTO AR CERTIFAST - ANDROMEDA/SP | K9: Aprovado | L9: 139.953.418-10 | M9: 19.005.929/0001-31 | N9: LUIZA VALENTINE AMBIENTES PLANEJADOS LTDA
A10: 23009504 | B10: 01/02/2025 | C10: ADALBERTO FERREIRA FILHO | D10: brun31ma@terra.com.br | F10: 55 | G10: =CONCATENATE(F10,E10) -> 55 | H10: e-CNPJ A1 - PME | I10: AR CERTIFAST | J10: Ponto de Atendimento AR Certifast - Maua Centro/SP | K10: Aprovado | L10: 008.226.258-65 | M10: 35.524.722/0001-20 | N10: QUALIDADE AQUI IMPORTACAO E COMERCIO DE ARTIGOS D
A11: 23013368 | B11: 01/02/2025 | C11: HUGO CARDOSO GONCALVES PEREIRA | D11: goncalves.hugo@outlook.com | E11: 11949407981 | F11: 55 | G11: =CONCATENATE(F11,E11) -> 5511949407981 | H11: e-CNPJ A1 - 1 ano | I11: AR CERTIFAST | J11: Ponto de Atendimento AR Certifast - Maua Centro/SP | K11: Aprovado | L11: 403.679.028-50 | M11: 37.403.134/0001-63 | N11: HUGO CARDOSO GONCALVES PEREIRA
A12: 23014736 | B12: 01/02/2025 | C12: DAYANE ONILES BATISTA DA SILVA | D12: dayane.obs@gmail.com | F12: 55 | G12: =CONCATENATE(F12,E12) -> 55 | H12: e-CNPJ A1 - 1 ano | I12: AR CERTIFAST | J12: Ponto de Atendimento AR Certifast - Maua Centro/SP | K12: Aprovado | L12: 375.947.258-32 | M12: 46.138.623/0001-26 | N12: ALFRED E CONCIERGE TECH SOLUTIONS LTDA
A13: 23018988 | B13: 01/02/2025 | C13: ALBERTO SIQUEIRA FERREIRA | D13: albertosq@gmail.com | F13: 55 | G13: =CONCATENATE(F13,E13) -> 55 | H13: e-CNPJ A1 - PME | I13: AR CERTIFAST | J13: Ponto de Atendimento AR Certifast - Maua Centro/SP | K13: Aprovado | L13: 377.932.518-73 | M13: 37.005.872/0001-52 | N13: ALBERTO SIQUEIRA FERREIRA 37793251873
A14: 23021199 | B14: 01/02/2025 | C14: AGENILTO ALVES DA CRUZ | D14: coord.societario@reluzcontabil.com.br | E14: 11971486400 | F14: 55 | G14: =CONCATENATE(F14,E14) -> 5511971486400 | H14: e-CPF A1 - 1 ano | I14: AR CERTIFAST | J14: Ponto de Atendimento AR Certifast - Maua Centro/SP | K14: Aprovado | L14: 182.969.108-29
A15: 23022711 | B15: 01/02/2025 | C15: ANA PAULA OJEDA DE OLIVEIRA | D15: coord.societario@reluzcontabil.com.br | E15: 11911445032 | F15: 55 | G15: =CONCATENATE(F15,E15) -> 5511911445032 | H15: e-CPF A1 - 1 ano | I15: AR CERTIFAST | J15: Ponto de Atendimento AR Certifast - Maua Centro/SP | K15: Aprovado | L15: 221.613.368-00
A16: 23023472 | B16: 01/02/2025 | C16: MARCEL SANT ANA GUARIENTE | D16: marcel.guariente@gmail.com | F16: 55 | G16: =CONCATENATE(F16,E16) -> 55 | H16: e-CPF A1 - 1 ano | I16: AR CERTIFAST | J16: Ponto de Atendimento AR Certifast - Maua Centro/SP | K16: Aprovado | L16: 410.216.078-78
A17: 23026458 | B17: 01/02/2025 | C17: ADALTO LOURENCO SANTOS | D17: coord.societario@reluzcontabil.com.br | E17: 13997174553 | F17: 55 | G17: =CONCATENATE(F17,E17) -> 5513997174553 | H17: e-CNPJ A1 - PME | I17: AR CERTIFAST | J17: Ponto de Atendimento AR Certifast - Maua Centro/SP | K17: Aprovado | L17: 289.509.778-00 | M17: 32.147.600/0001-73 | N17: A L SANTOS TRANSPORTES E LOCACAO LTDA
A18: 23026909 | B18: 01/02/2025 | C18: GISLAINE MARTINS | D18: contabilidade2@escritoriocontabiletica.com.br | F18: 55 | G18: =CONCATENATE(F18,E18) -> 55 | H18: e-CNPJ A1 - 1 ano | I18: AR CERTIFAST | J18: Ponto de Atendimento AR Certifast - Maua Centro/SP | K18: Aprovado | L18: 170.433.338-57 | M18: 10.994.130/0001-40 | N18: HOUSE SP PARTICIPACOES PROMOTORA DE VENDAS LTDA
A19: 23027103 | B19: 01/02/2025 | C19: JOSE FABIO NETTO PARENTONI | D19: henriquepedrosa@madeplan.com.br | E19: 31989014897 | F19: 55 | G19: =CONCATENATE(F19,E19) -> 5531989014897 | H19: e-CNPJ A1 - 1 ano | I19: AR CERTIFAST | J19: Ponto de Atendimento AR Certifast - Prado BH/MG | K19: Aprovado | L19: 500.784.886-72 | M19: 21.097.712/0001-40 | N19: MADEPLAN MADEIREIRA PLANALTO LIMITADA
A20: 23028744 | B20: 01/02/2025 | C20: LEANDRO CUNHA LOBO | D20: coord.societario@reluzcontabil.com.br | E20: 11947888348 | F20: 55 | G20: =CONCATENATE(F20,E20) -> 5511947888348 | H20: e-CNPJ A1 - PME | I20: AR CERTIFAST | J20: Ponto de Atendimento AR Certifast - Maua Centro/SP | K20: Aprovado | L20: 290.105.428-58 | M20: 14.338.663/0001-25 | N20: BBR LOCADORA DE VEICULOS LTDA
A21: 23029772 | B21: 01/02/2025 | C21: MARCOS FIGUEIRA JAJA | D21: mavilinborges@gmail.com | E21: 12991279955 | F21: 55 | G21: =CONCATENATE(F21,E21) -> 5512991279955 | H21: e-CNPJ A1 - PME | I21: AR CERTIFAST | J21: PONTO DE ATENDIMENTO AR CERTIFAST - ANDROMEDA/SP | K21: Aprovado | L21: 199.190.568-80 | M21: 48.790.576/0001-26 | N21: JAJA S HOUSE LTDA
A22: 23030018 | B22: 01/02/2025 | C22: WARLEY GONCALVES DA SILVA | D22: warley.gsilva@yahoo.com.br | E22: 31988011346 | F22: 55 | G22: =CONCATENATE(F22,E22) -> 5531988011346 | H22: e-CNPJ A1 - PME | I22: AR CERTIFAST | J22: Ponto de Atendimento AR Certifast - Prado BH/MG | K22: Aprovado | L22: 068.149.256-21 | M22: 53.190.477/0001-43 | N22: WARLEY GONCALVES CORRETORA DE SEGUROS LTDA
A23: 23030433 | B23: 01/02/2025 | C23: DEOCLECIO GOMES DO NASCIMENTO | D23: contresult@gmail.com | E23: 12974014347 | F23: 55 | G23: =CONCATENATE(F23,E23) -> 5512974014347 | H23: e-PJ A1 - 1 ano | I23: AR CERTIFAST | J23: PONTO DE ATENDIMENTO AR CERTIFAST - ANDROMEDA/SP | K23: Aprovado | L23: 253.457.518-03 | M23: 07.530.477/0001-28 | N23: D J SOM E ACESSORIOS LTDA
A24: 23030865 | B24: 01/02/2025 | C24: RODRIGO MAIA DURANTE | D24: rodrigo@jpcientifica.com.br | E24: 31991920025 | F24: 55 | G24: =CONCATENATE(F24,E24) -> 5531991920025 | H24: e-CNPJ A1 - PME | I24: AR CERTIFAST | J24: Ponto de Atendimento AR Certifast - Prado BH/MG | K24: Aprovado | L24: 029.216.446-73 | M24: 49.387.733/0001-10 | N24: RODRIGO MAIA REPRESENTACOES LTDA
A25: 23031487 | B25: 01/02/2025 | C25: PATRICK TEIXEIRA DUARTE | D25: patricktd@gmail.com | E25: 31993956144 | F25: 55 | G25: =CONCATENATE(F25,E25) -> 5531993956144 | H25: e-CNPJ A1 - PME | I25: AR CERTIFAST | J25: Ponto de Atendimento AR Certifast - Prado BH/MG | K25: Aprovado | L25: 035.107.876-25 | M25: 37.558.567/0001-98 | N25: NOSSA CASA INTELIGENTE SISTEMAS DE SEGURANCA E SE
A26: 19967581 | B26: 02/02/2025 | C26: LETICIA VARIN ANTUNES | D26: leticia.varin@tjmg.jus.br | E26: 35999664635 | F26: 55 | G26: =CONCATENATE(F26,E26) -> 5535999664635 | H26: e-CPF A3 - 3 anos | I26: AR CERTIFAST | J26: Ponto de Atendimento AR Certifast - Pauliceia/SP - Jus | K26: Aprovado | L26: 288.413.228-70
A27: 20034536 | B27: 02/02/2025 | C27: ANDRE KEIGO YOSHIKAWA | D27: keigo@uol.com.br | E27: 11994941257 | F27: 55 | G27: =CONCATENATE(F27,E27) -> 5511994941257 | H27: e-CNPJ A3 - 3 anos | I27: AR CERTIFAST | J27: AR Certifast | K27: Aprovado | L27: 184.758.198-69 | M27: 00.565.701/0001-78 | N27: JE PROCESSOS DE LIMPEZA S S LTDA
A28: 20043536 | B28: 03/02/2025 | C28: WALDEMIRO ELIAS MEIRA JUNIOR | D28: ALVES.MEIRA@HOTMAIL.COM | E28: 66999632858 | F28: 55 | G28: =CONCATENATE(F28,E28) -> 5566999632858 | H28: e-CNPJ A3 - 3 anos - PME | I28: AR CERTIFAST | J28: AR Certifast | K28: Aprovado | L28: 862.909.591-15 | M28: 02.590.231/0001-28 | N28: BANDEIRANTES COMERCIO DE MATERIAIS DE CONSTRUCAO
A29: 22949586 | B29: 04/02/2025 | C29: FABIO HENRIQUE DE OLIVEIRA MARTINS | D29: financeiro@onoffmarketing.com.br | E29: 31987092523 | F29: 55 | G29: =CONCATENATE(F29,E29) -> 5531987092523 | H29: e-CNPJ A1 - PME | I29: AR CERTIFAST | J29: Ponto de Atendimento AR Certifast - Prado BH/MG | K29: Aprovado | L29: 067.812.186-97 | M29: 21.491.555/0001-53 | N29: FABIO HENRIQUE DE OLIVEIRA MARTINS 06781218697
A30: 22976869 | B30: 04/02/2025 | C30: DOUGLAS MICHAEL SIMMONS | D30: contabilidade@afccontabilsjc.com.br | E30: 12991726007 | F30: 55 | G30: =CONCATENATE(F30,E30) -> 5512991726007 | H30: e-CNPJ A1 - PME | I30: AR CERTIFAST | J30: PONTO DE ATENDIMENTO AR CERTIFAST - ANDROMEDA/SP | K30: Aprovado | L30: 236.078.878-70 | M30: 30.990.328/0001-63 | N30: MEL IDIOMAS LTDA
A31: 23000842 | B31: 04/02/2025 | C31: PAULO HENRIQUE DOMINGUES SARAIVA | D31: controladoria@accmg.com.br | E31: 31991731289 | F31: 55 | G31: =CONCATENATE(F31,E31) -> 5531991731289 | H31: e-CNPJ A1 - 1 ano | I31: AR CERTIFAST | J31: Ponto de Atendimento AR Certifast - Prado BH/MG | K31: Aprovado | L31: 048.132.836-08 | M31: 08.000.185/0001-46 | N31: ACCOUNTANCY CONTABILIDADE E CONSULTORIA LTDA
A32: 23003039 | B32: 04/02/2025 | C32: ROSIMEIRA IRMA DO NASCIMENTO MARTAURO | D32: coord.societario@reluzcontabil.com.br | E32: 11982234577 | F32: 55 | G32: =CONCATENATE(F32,E32) -> 5511982234577 | H32: e-CNPJ A1 - PME | I32: AR CERTIFAST | J32: Ponto de Atendimento AR Certifast - Maua Centro/SP | K32: Aprovado | L32: 178.482.678-22 | M32: 34.551.599/0001-73 | N32: ROSIMEIRA IRMA DO NASCIMENTO MARTAURO
A33: 23009603 | B33: 04/02/2025 | C33: MARIA CRISTINA SIMOES SILVERIO | D33: contabilidade@afccontabilsjc.com.br | E33: 12988301250 | F33: 55 | G33: =CONCATENATE(F33,E33) -> 5512988301250 | H33: e-CNPJ A1 - PME | I33: AR CERTIFAST | J33: PONTO DE ATENDIMENTO AR CERTIFAST - ANDROMEDA/SP | K33: Aprovado | L33: 479.570.696-49 | M33: 22.690.586/0001-04 | N33: M C S SILVERIO POSTE PADRAO
A34: 23015299 | B34: 04/02/2025 | C34: NAGIBA EL JALIS | D34: contabilidade@afccontabilsjc.com.br | E34: 12991209254 | F34: 55 | G34: =CONCATENATE(F34,E34) -> 5512991209254 | H34: e-CNPJ A1 - PME | I34: AR CERTIFAST | J34: PONTO DE ATENDIMENTO AR CERTIFAST - ANDROMEDA/SP | K34: Aprovado | L34: 624.789.158-04 | M34: 60.074.234/0001-05 | N34: 60 074 234 NAGIBA EL JALIS
A35: 23021471 | B35: 04/02/2025 | C35: GUILHERME DE CARVALHO LOURES | D35: coord.societario@reluzcontabil.com.br | E35: 11952377440 | F35: 55 | G35: =CONCATENATE(F35,E35) -> 5511952377440 | H35: e-CNPJ A1 - PME | I35: AR CERTIFAST | J35: Ponto de Atendimento AR Certifast - Maua Centro/SP | K35: Aprovado | L35: 480.085.028-27 | M35: 53.704.787/0001-39 | N35: VD REPRESENTACOES E CONSULTORIA EMPRESARIAL LTDA
A36: 23023341 | B36: 04/02/2025 | C36: VINICIUS GOMES DA SILVA | D36: distribuidorajrmix@gmail.com | E36: 11946601631 | F36: 55 | G36: =CONCATENATE(F36,E36) -> 5511946601631 | H36: e-CNPJ A1 - PME | I36: AR CERTIFAST | J36: PONTO DE ATENDIMENTO AR CERTIFAST - ANDROMEDA/SP | K36: Aprovado | L36: 100.928.914-46 | M36: 53.742.281/0001-14 | N36: 53 742 281 VINICIUS GOMES DA SILVA
A37: 23025989 | B37: 04/02/2025 | C37: WESLEY VINICIUS ROSA MARTINS | D37: wesley@hortifrutiemporiominas.com.br | E37: 31984857204 | F37: 55 | G37: =CONCATENATE(F37,E37) -> 5531984857204 | H37: e-CNPJ A1 - PME | I37: AR CERTIFAST | J37: Ponto de Atendimento AR Certifast - Prado BH/MG | K37: Aprovado | L37: 086.888.796-05 | M37: 35.684.358/0001-65 | N37: WVRM ACESSORIA LTDA
A38: 23027405 | B38: 04/02/2025 | C38: FERNANDO DE MOURA GOMES | D38: leandropradoilha@gmail.com | E38: 12997760065 | F38: 55 | G38: =CONCATENATE(F38,E38) -> 5512997760065 | H38: e-CNPJ A1 - PME | I38: AR CERTIFAST | J38: PONTO DE ATENDIMENTO AR CERTIFAST - ANDROMEDA/SP | K38: Aprovado | L38: 267.961.728-25 | M38: 43.602.169/0001-24 | N38: ILLA RESTAURANTE E ENTRETENIMENTO LTDA
... A41: 23031939 | B41: 04/02/2025 | C41: EMERSON ALVES RIBEIRO | D41: coord.societario@reluzcontabil.com.br | E41: 11997706778 | F41: 55 | G41: =CONCATENATE(F41,E41) -> 5511997706778 | H41: e-CNPJ A1 - PME | I41: AR CERTIFAST | J41: Ponto de Atendimento AR Certifast - Maua Centro/SP | K41: Aprovado | L41: 787.894.515-20 | M41: 10.762.665/0001-96 | N41: HOLD SCIENTIFIC IMPORTACAO E EXPORTACAO LTDA
A42: 23034356 | B42: 04/02/2025 | C42: DJALMA AFONSO VIEIRA | D42: bless.assessoria@gmail.com | F42: 55 | G42: =CONCATENATE(F42,E42) -> 55 | H42: e-CNPJ A1 - PME | I42: AR CERTIFAST | J42: Ponto de Atendimento AR Certifast - Maua Centro/SP | K42: Aprovado | L42: 097.224.538-31 | M42: 49.422.269/0001-55 | N42: DISTRIBUIDORA DE ALIMENTOS FLOR DO IPE LTDA
A43: 23035338 | B43: 04/02/2025 | C43: CLAUDIA PARIZ GALHARDO SALGADO TEIXEIRA | D43: gizafinancas@hotmail.com | E43: 12981647000 | F43: 55 | G43: =CONCATENATE(F43,E43) -> 5512981647000 | H43: e-CNPJ A1 - PME | I43: AR CERTIFAST | J43: PONTO DE ATENDIMENTO AR CERTIFAST - ANDROMEDA/SP | K43: Aprovado | L43: 138.505.588-00 | M43: 09.592.407/0001-20 | N43: NOVA SOCORVET CLINICA VETERINARIA LTDA
A44: 23037305 | B44: 04/02/2025 | C44: ELIEL CERQUEIRA DE ARAUJO | D44: natarten@gmail.com | E44: 12991611677 | F44: 55 | G44: =CONCATENATE(F44,E44) -> 5512991611677 | H44: e-CNPJ A1 - PME | I44: AR CERTIFAST | J44: PONTO DE ATENDIMENTO AR CERTIFAST - ANDROMEDA/SP | K44: Aprovado | L44: 865.433.772-91 | M44: 26.853.599/0001-08 | N44: ELIEL CERQUEIRA DE ARAUJO
A45: 23037761 | B45: 04/02/2025 | C45: LUCIANO HENRIQUE PARSANESE | D45: mrexpress019@gmail.com | E45: 12981637825 | F45: 55 | G45: =CONCATENATE(F45,E45) -> 5512981637825 | H45: e-CNPJ A1 - 1 ano | I45: AR CERTIFAST | J45: PONTO DE ATENDIMENTO AR CERTIFAST - ANDROMEDA/SP | K45: Aprovado | L45: 287.324.578-63 | M45: 33.734.170/0001-59 | N45: 33 734 170 LUCIANO HENRIQUE PARSANESE
A46: 22328236 | B46: 05/02/2025 | C46: AILTON ZACCARI | D46: contabilcaroto@gmail.com | F46: 55 | G46: =CONCATENATE(F46,E46) -> 55 | H46: e-CNPJ A3 - PME - 18 meses | I46: AR CERTIFAST | J46: Ponto de Atendimento AR Certifast - Maua Centro/SP | K46: Aprovado | L46: 056.697.068-62 | M46: 44.461.157/0001-90 | N46: AILTON ZACCARI MANUTENCAO PREDIAL
A47: 22353185 | B47: 05/02/2025 | C47: VITOR KANASHIRO ICHIKAWA | D47: contabilcaroto@gmail.com | F47: 55 | G47: =CONCATENATE(F47,E47) -> 55 | H47: e-CNPJ A3 - PME - 18 meses | I47: AR CERTIFAST | J47: Ponto de Atendimento AR Certifast - Maua Centro/SP | K47: Aprovado | L47: 232.209.658-06 | M47: 44.475.543/0001-30 | N47: VITOR KANASHIRO ICHIKAWA TERAPIA HOLISTICA
A48: 22966516 | B48: 05/02/2025 | C48: FABIANO RODRIGUES VALENTIM PEREIRA | D48: fabiano.r.valentim@gmail.com | E48: 31997416615 | F48: 55 | G48: =CONCATENATE(F48,E48) -> 5531997416615 | H48: e-CNPJ A1 - PME | I48: AR CERTIFAST | J48: Ponto de Atendimento AR Certifast - Prado BH/MG | K48: Aprovado | L48: 030.040.276-74 | M48: 53.547.274/0001-61 | N48: S2E SOLIDA ENGENHARIA E ENERGIA LTDA
A49: 23002368 | B49: 05/02/2025 | C49: VITOR HIGINO DE ALMEIDA JESUS | D49: coord.societario@reluzcontabil.com.br | E49: 11975276258 | F49: 55 | G49: =CONCATENATE(F49,E49) -> 5511975276258 | H49: e-CNPJ A1 - PME | I49: AR CERTIFAST | J49: Ponto de Atendimento AR Certifast - Maua Centro/SP | K49: Aprovado | L49: 406.444.378-04 | M49: 24.236.466/0001-59 | N49: VITOR HIGINO DE ALMEIDA JESUS LTDA
A50: 23009727 | B50: 05/02/2025 | C50: WANDERSON DA SILVA | D50: patriciareismartins@hotmail.com | E50: 12991263792 | F50: 55 | G50: =CONCATENATE(F50,E50) -> 5512991263792 | H50: e-CNPJ A1 - PME | I50: AR CERTIFAST | J50: PONTO DE ATENDIMENTO AR CERTIFAST - ANDROMEDA/SP | K50: Aprovado | L50: 220.783.858-75 | M50: 15.373.682/0001-55 | N50: WANDERSON DA SILVA BAR E LANCHONETE
A51: 23018479 | B51: 05/02/2025 | C51: ALEFF TAVARES GOMES | D51: ricardo@rkcontabilidade.com.br | E51: 11952086503 | F51: 55 | G51: =CONCATENATE(F51,E51) -> 5511952086503 | H51: e-CNPJ A1 - PME | I51: AR CERTIFAST | J51: Ponto de Atendimento AR Certifast - Maua Centro/SP | K51: Aprovado | L51: 468.346.248-64 | M51: 53.110.206/0001-30 | N51: ALEFF GOMES INSTALACOES HIDRAULICAS LTDA
A52: 23021161 | B52: 05/02/2025 | C52: MARIA SUELI PINHEIRO ALVES DA SILVA | D52: jh.contabilidade@hotmail.com | E52: 11965274123 | F52: 55 | G52: =CONCATENATE(F52,E52) -> 5511965274123 | H52: e-CNPJ A1 - PME | I52: AR CERTIFAST | J52: PONTO DE ATENDIMENTO AR CERTIFAST - ANDROMEDA/SP | K52: Aprovado | L52: 277.945.158-07 | M52: 19.300.571/0001-70 | N52: SUPREME DECOR PLANEJADOS E COLCHOES LTDA
A53: 23022329 | B53: 05/02/2025 | C53: CESAR AUGUSTO SILVA DOS SANTOS | D53: coord.societario@reluzcontabil.com.br | E53: 11954634181 | F53: 55 | G53: =CONCATENATE(F53,E53) -> 5511954634181 | H53: e-CNPJ A1 - PME | I53: AR CERTIFAST | J53: Ponto de Atendimento AR Certifast - Maua Centro/SP | K53: Aprovado | L53: 453.172.288-40 | M53: 52.627.570/0001-00 | N53: 52 627 570 CESAR AUGUSTO SILVA DOS SANTOS
A54: 23026324 | B54: 05/02/2025 | C54: GISELE DE CASTRO RAMOS | D54: coord.societario@reluzcontabil.com.br | E54: 13996059400 | F54: 55 | G54: =CONCATENATE(F54,E54) -> 5513996059400 | H54: e-CNPJ A1 - PME | I54: AR CERTIFAST | J54: Ponto de Atendimento AR Certifast - Maua Centro/SP | K54: Aprovado | L54: 289.335.658-33 | M54: 26.848.429/0001-27 | N54: GRANPRIME TRANSPORTES E LOCACOES LTDA
A55: 23026371 | B55: 05/02/2025 | C55: FABRICIO DIAS PAES | D55: fabriciodpaes@hotmail.com | E55: 12981821414 | F55: 55 | G55: =CONCATENATE(F55,E55) -> 5512981821414 | H55: e-CPF A1 - 1 ano | I55: AR CERTIFAST | J55: PONTO DE ATENDIMENTO AR CERTIFAST - ANDROMEDA/SP | K55: Aprovado | L55: 332.245.258-19
A56: 23027467 | B56: 05/02/2025 | C56: LUISE HELENE FURLAN BUENO | D56: coord.societario@reluzcontabil.com.br | E56: 11940301101 | F56: 55 | G56: =CONCATENATE(F56,E56) -> 5511940301101 | H56: e-CNPJ A1 - PME | I56: AR CERTIFAST | J56: Ponto de Atendimento AR Certifast - Maua Centro/SP | K56: Aprovado | L56: 145.296.328-22 | M56: 17.567.823/0001-04 | N56: FIRST LINE EXECUTIVE AUTO LOCADORA LTDA
A57: 23027590 | B57: 05/02/2025 | C57: FABIANA AMELIA REIS PANTUZZA | D57: fabiana.pantuzza@gmail.com | E57: 31991915495 | F57: 55 | G57: =CONCATENATE(F57,E57) -> 5531991915495 | H57: e-CNPJ A1 - PME | I57: AR CERTIFAST | J57: Ponto de Atendimento AR Certifast - Prado BH/MG | K57: Aprovado | L57: 007.623.956-05 | M57: 36.105.396/0001-89 | N57: PANTUZZA EMPREENDIMENTOS DE ESCRITORIO LTDA
A58: 23027676 | B58: 05/02/2025 | C58: JOSEMAR OZIMO DA SILVA | D58: coord.societario@reluzcontabil.com.br | E58: 11999932357 | F58: 55 | G58: =CONCATENATE(F58,E58) -> 5511999932357 | H58: e-CNPJ A1 - PME | I58: AR CERTIFAST | J58: Ponto de Atendimento AR Certifast - Maua Centro/SP | K58: Aprovado | L58: 161.128.678-69 | M58: 40.257.330/0001-81 | N58: HIDRELSERV MATERIAIS HIDRAULICOS E ELETRICOS LTDA
A59: 23038307 | B59: 05/02/2025 | C59: ALFREDO MAGNO DORNELES AIRES | D59: alfredodorneles@refriiso.com.br | E59: 31998567864 | F59: 55 | G59: =CONCATENATE(F59,E59) -> 5531998567864 | H59: e-CNPJ A1 - PME | I59: AR CERTIFAST | J59: Ponto de Atendimento AR Certifast - Prado BH/MG | K59: Aprovado | L59: 047.579.216-59 | M59: 26.335.879/0001-16 | N59: REFRI ISO INDUSTRIA DE REFRIGERACAO E ELETRICA LT
A60: 23038891 | B60: 05/02/2025 | C60: MARCIO HENRIQUE ESPERANDIO DE SOUSA | D60: fiscal@matag.com.br | E60: 12982062550 | F60: 55 | G60: =CONCATENATE(F60,E60) -> 5512982062550 | H60: e-CNPJ A1 - PME | I60: AR CERTIFAST | J60: PONTO DE ATENDIMENTO AR CERTIFAST - ANDROMEDA/SP | K60: Aprovado | L60: 479.440.618-57 | M60: 51.484.023/0001-50 | N60: R T EXPERIENCE BARBEARIA LTDA
A61: 23040127 | B61: 05/02/2025 | C61: GERARDO LOPEZ VIDAL | D61: vendas.vidalembalagens@gmail.com | E61: 1145132777 | F61: 55 | G61: =CONCATENATE(F61,E61) -> 551145132777 | H61: e-CNPJ A1 - 1 ano | I61: AR CERTIFAST | J61: Ponto de Atendimento AR Certifast - Maua Centro/SP | K61: Aprovado | L61: 007.127.468-54 | M61: 72.795.008/0001-00 | N61: VIDAL COMERCIO DE PAPEIS E EMBALAGENS LTDA
A62: 23040747 | B62: 05/02/2025 | C62: JOSE ALOISIO ARAUJO | D62: jaloisioaraujo@gmail.com | E62: 12988318936 | F62: 55 | G62: =CONCATENATE(F62,E62) -> 5512988318936 | H62: e-CNPJ A1 - PME | I62: AR CERTIFAST | J62: PONTO DE ATENDIMENTO AR CERTIFAST - ANDROMEDA/SP | K62: Aprovado | L62: 041.202.146-30 | M62: 35.284.164/0001-72 | N62: JOSE ALOISIO ARAUJO 04120214630
A63: 23040748 | B63: 05/02/2025 | C63: LUCIANA CRISTOFALO DE MORAIS | D63: mavilinborges@gmail.com | E63: 12991945344 | F63: 55 | G63: =CONCATENATE(F63,E63) -> 5512991945344 | H63: e-CNPJ A1 - PME | I63: AR CERTIFAST | J63: PONTO DE ATENDIMENTO AR CERTIFAST - ANDROMEDA/SP | K63: Aprovado | L63: 162.735.858-73 | M63: 26.194.140/0001-31 | N63: LUCIANA CRISTOFALO DE MORAIS 16273585873
A64: 23043802 | B64: 05/02/2025 | C64: JEFFERSON AMORIM DOS SANTOS | D64: jeffersonamorin.soldas@gmail.com | E64: 12982628408 | F64: 55 | G64: =CONCATENATE(F64,E64) -> 5512982628408 | H64: e-CNPJ A1 - 1 ano | I64: AR CERTIFAST | J64: PONTO DE ATENDIMENTO AR CERTIFAST - ANDROMEDA/SP | K64: Aprovado | L64: 366.316.758-55 | M64: 37.371.452/0001-90 | N64: 37 371 452 JEFFERSON AMORIM DOS SANTOS
A65: 23045082 | B65: 05/02/2025 | C65: MARIA JOSE MATEUS | D65: maria.mateus@camfer.com.br | E65: 11997300790 | F65: 55 | G65: =CONCATENATE(F65,E65) -> 5511997300790 | H65: e-CNPJ A1 - PME | I65: AR CERTIFAST | J65: PONTO DE ATENDIMENTO AR CERTIFAST - ANDROMEDA/SP | K65: Aprovado | L65: 642.863.048-68 | M65: 24.462.134/0001-92 | N65: ITACA ASSESSORIA CONTABIL E FISCAL LTDA
A66: 19946564 | B66: 06/02/2025 | C66: ERIKA CHYPRIADES JUNQUEIRA AMARANTE | D66: CONSULTORIOBORGESLAGOA@HOTMAIL.COM | E66: 11999946385 | F66: 55 | G66: =CONCATENATE(F66,E66) -> 5511999946385 | H66: e-CPF A3 - 3 anos | I66: AR CERTIFAST | J66: AR Certifast | K66: Aprovado | L66: 174.348.608-12
A67: 19977076 | B67: 06/02/2025 | C67: ANDREA TORCHI | D67: andrea.torchi@gmail.com | E67: 4333244428 | F67: 55 | G67: =CONCATENATE(F67,E67) -> 554333244428 | H67: e-CPF A3 - 3 anos | I67: AR CERTIFAST | J67: Ponto de Atendimento AR Certifast - Pauliceia/SP | K67: Aprovado | L67: 879.991.889-72
A68: 19978735 | B68: 06/02/2025 | C68: JULIANA SIQUEIRA BELTRAO CALDAS | D68: jubeltrao76@gmail.com | E68: 31991619288 | F68: 55 | G68: =CONCATENATE(F68,E68) -> 5531991619288 | H68: e-CPF A3 - 3 anos | I68: AR CERTIFAST | J68: Ponto de Atendimento AR Certifast - Prado BH/MG - JUS | K68: Aprovado | L68: 036.250.996-40
A69: 20022623 | B69: 06/02/2025 | C69: ALEXANDRE KIYOSHI MISSAWA | D69: ALEXANDRE.KIYOSHI.MISSAWA@GMAIL.COM | E69: 12981885479 | F69: 55 | G69: =CONCATENATE(F69,E69) -> 5512981885479 | H69: e-CNPJ A3 - 3 anos | I69: AR CERTIFAST | J69: PONTO DE ATENDIMENTO AR Certifast - Sao Jose dos Campos/SP | K69: Aprovado | L69: 341.317.638-26 | M69: 43.612.114/0001-03 | N69: ALEXANDRE K MISSAWA DESENVOLVIMENTO DE SISTEMAS D
A70: 20040163 | B70: 06/02/2025 | C70: MARIA CRISTINA CAMEIRAO DA MOTTA FRANCO | D70: guilherme@loctok.com.br | E70: 11984361211 | F70: 55 | G70: =CONCATENATE(F70,E70) -> 5511984361211 | H70: e-CNPJ A3 - 3 anos | I70: AR CERTIFAST | J70: AR Certifast | K70: Aprovado | L70: 033.268.448-24 | M70: 12.899.630/0001-29 | N70: CUOREE CONSULTORIA EMPRESARIAL LTDA
A71: 22984211 | B71: 06/02/2025 | C71: CLAUDIO SILVEIRA SANTOS | D71: contato@requintedecoracoes.com.br | E71: 12997637827 | F71: 55 | G71: =CONCATENATE(F71,E71) -> 5512997637827 | H71: e-CNPJ A1 - PME | I71: AR CERTIFAST | J71: PONTO DE ATENDIMENTO AR CERTIFAST - ANDROMEDA/SP | K71: Aprovado | L71: 084.760.068-88 | M71: 19.289.121/0001-23 | N71: C SILVEIRA SANTOS LTDA
A72: 22995427 | B72: 06/02/2025 | C72: JEAN VLADIMIR DIAS | D72: jean@meiaskeny.com.br | F72: 55 | G72: =CONCATENATE(F72,E72) -> 55 | H72: e-CPF A1 - 1 ano | I72: AR CERTIFAST | J72: Ponto de Atendimento AR Certifast - Maua Centro/SP | K72: Aprovado | L72: 097.294.998-45
A73: 23021240 | B73: 06/02/2025 | C73: JOSE GONZAGA DA SILVA | D73: mjgdoces@hotmail.com | E73: 12981307093 | F73: 55 | G73: =CONCATENATE(F73,E73) -> 5512981307093 | H73: e-CNPJ A1 - 1 ano | I73: AR CERTIFAST | J73: PONTO DE ATENDIMENTO AR CERTIFAST - ANDROMEDA/SP | K73: Aprovado | L73: 484.593.649-68 | M73: 10.475.973/0001-30 | N73: M J G COMERCIO DE DOCES LTDA
A74: 23025708 | B74: 06/02/2025 | C74: LUCAS NASTARI FERREIRA | D74: regiane@cbbsempresarial.com.br | E74: 11985431044 | F74: 55 | G74: =CONCATENATE(F74,E74) -> 5511985431044 | H74: e-CPF A1 - 1 ano | I74: AR CERTIFAST | J74: AR Certifast | K74: Aprovado | L74: 481.269.088-90
A75: 23029847 | B75: 06/02/2025 | C75: RAFAELA FERREIRA IASSIA | D75: iassiarafaela@gmail.com | F75: 55 | G75: =CONCATENATE(F75,E75) -> 55 | H75: e-CPF A1 - 1 ano | I75: AR CERTIFAST | J75: Ponto de Atendimento AR Certifast - Maua Centro/SP | K75: Aprovado | L75: 424.830.758-86
A76: 23035912 | B76: 06/02/2025 | C76: DELANO FLAVIO SILVA ARAUJO | D76: delanosaraujo@gmail.com | E76: 12991080126 | F76: 55 | G76: =CONCATENATE(F76,E76) -> 5512991080126 | H76: e-CPF A1 - 1 ano | I76: AR CERTIFAST | J76: PONTO DE ATENDIMENTO AR CERTIFAST - ANDROMEDA/SP | K76: Aprovado | L76: 007.797.766-15
A77: 23037759 | B77: 06/02/2025 | C77: ELECIANE ARAUJO ANGELIN FERNANDES | D77: eleciane.fernandes@gmail.com | E77: 12991147446 | F77: 55 | G77: =CONCATENATE(F77,E77) -> 5512991147446 | H77: e-CNPJ A1 - 1 ano | I77: AR CERTIFAST | J77: PONTO DE ATENDIMENTO AR CERTIFAST - ANDROMEDA/SP | K77: Aprovado | L77: 253.476.868-98 | M77: 50.783.496/0001-95 | N77: 50 783 496 ELECIANE ARAUJO ANGELIN FERNANDES
A78: 23038364 | B78: 06/02/2025 | C78: EDSON HENRIQUE LIMA DOS SANTOS | D78: jh.contabilidade@hotmail.com | E78: 11943385851 | F78: 55 | G78: =CONCATENATE(F78,E78) -> 5511943385851 | H78: e-CNPJ A1 - PME | I78: AR CERTIFAST | J78: PONTO DE ATENDIMENTO AR CERTIFAST - ANDROMEDA/SP | K78: Aprovado | L78: 460.481.738-30 | M78: 29.475.512/0001-96 | N78: 29 475 512 EDSON HENRIQUE LIMA DOS SANTOS
A79: 23042051 | B79: 06/02/2025 | C79: JOELMA DE OLIVEIRA FERREIRA | D79: borbolletakids@gmail.com | E79: 12996128882 | F79: 55 | G79: =CONCATENATE(F79,E79) -> 5512996128882 | H79: e-CNPJ A1 - 1 ano | I79: AR CERTIFAST | J79: PONTO DE ATENDIMENTO AR CERTIFAST - ANDROMEDA/SP | K79: Aprovado | L79: 223.474.788-00 | M79: 48.479.515/0001-42 | N79: JOELMA DE OLIVEIRA FERREIRA 22347478800
A80: 23043846 | B80: 06/02/2025 | C80: PEDRO HENRIQUE ESTEVES FURTADO | D80: pedrohefurtado@gmail.com | F80: 55 | G80: =CONCATENATE(F80,E80) -> 55 | H80: e-CPF A1 - 1 ano | I80: AR CERTIFAST | J80: Ponto de Atendimento AR Certifast - Maua Centro/SP | K80: Aprovado | L80: 415.892.318-21
A81: 23044100 | B81: 06/02/2025 | C81: PIETRA EDUARDA BELLINI | D81: pedrohefurtado@gmail.com | F81: 55 | G81: =CONCATENATE(F81,E81) -> 55 | H81: e-CPF A1 - 1 ano | I81: AR CERTIFAST | J81: Ponto de Atendimento AR Certifast - Maua Centro/SP | K81: Aprovado | L81: 489.708.448-21
A82: 23044118 | B82: 06/02/2025 | C82: PATRICIA OLIVEIRA MONTANINI | D82: alan@slightsolution.com.br | F82: 55 | G82: =CONCATENATE(F82,E82) -> 55 | H82: e-CPF A1 - 1 ano | I82: AR CERTIFAST | J82: Ponto de Atendimento AR Certifast - Maua Centro/SP | K82: Aprovado | L82: 222.897.848-50
A83: 23045953 | B83: 06/02/2025 | C83: ARIADNE DA MATA SOUSA | D83: ariadnedamata@gmail.com | E83: 11988430325 | F83: 55 | G83: =CONCATENATE(F83,E83) -> 5511988430325 | H83: e-CNPJ A1 - 1 ano | I83: AR CERTIFAST | J83: Ponto de Atendimento AR Certifast - Maua Centro/SP | K83: Aprovado | L83: 700.172.521-80 | M83: 53.419.467/0001-37 | N83: FAST BOX EXPRESS LTDA
A84: 23046250 | B84: 06/02/2025 | C84: GILSON APARECIDO LOPES | D84: financeiro@spfrutas.com.br | E84: 12997076028 | F84: 55 | G84: =CONCATENATE(F84,E84) -> 5512997076028 | H84: e-CNPJ A1 - PME | I84: AR CERTIFAST | J84: PONTO DE ATENDIMENTO AR CERTIFAST - ANDROMEDA/SP | K84: Aprovado | L84: 063.839.318-30 | M84: 29.333.480/0001-94 | N84: VALE FRUTAS LTDA
A85: 23047095 | B85: 06/02/2025 | C85: VANDERLEI JUNIO DA SILVA | D85: vjassessoria.nr@gmail.com | E85: 12996642395 | F85: 55 | G85: =CONCATENATE(F85,E85) -> 5512996642395 | H85: e-CNPJ A1 - PME | I85: AR CERTIFAST | J85: PONTO DE ATENDIMENTO AR CERTIFAST - ANDROMEDA/SP | K85: Aprovado | L85: 313.138.358-54 | M85: 48.337.574/0001-86 | N85: VANDERLEI JUNIO DA SILVA 31313835854
A86: 19998402 | B86: 07/02/2025 | C86: JULIANA MOTA BONANNI | D86: juliana.bonanni@tjmg.jus.br | E86: 35988980854 | F86: 55 | G86: =CONCATENATE(F86,E86) -> 5535988980854 | H86: e-CPF A3 - 3 anos | I86: AR CERTIFAST | J86: AR Certifast - Jus | K86: Aprovado | L86: 000.313.766-06
A87: 20019374 | B87: 07/02/2025 | C87: ALECSANDRO DE MOURA SILVA | D87: ALECSMS@YAHOO.COM.BR | E87: 12981120556 | F87: 55 | G87: =CONCATENATE(F87,E87) -> 5512981120556 | H87: e-CNPJ A3 - 3 anos | I87: AR CERTIFAST | J87: PONTO DE ATENDIMENTO AR CERTIFAST - ANDROMEDA/SP | K87: Aprovado | L87: 250.425.358-37 | M87: 22.355.891/0001-31 | N87: CENTRO DE APERFEICOAMENTO E DESENVOLVIMENTO TECNI
A88: 20027153 | B88: 07/02/2025 | C88: TERESA CRISTINA BARBOSA BARRETO | D88: teresa.barreto@tjmg.jus.br | E88: 31999792375 | F88: 55 | G88: =CONCATENATE(F88,E88) -> 5531999792375 | H88: e-CPF A3 - 3 anos | I88: AR CERTIFAST | J88: Ponto de Atendimento AR Certifast - Prado BH/MG | K88: Aprovado | L88: 884.646.606-34
A89: 20035769 | B89: 07/02/2025 | C89: MELYSSA TAMIETTI SILVA | D89: MELYSSA.TAMIETTI@GMAIL.COM | E89: 31993435315 | F89: 55 | G89: =CONCATENATE(F89,E89) -> 5531993435315 | H89: e-CNPJ A3 - 3 anos | I89: AR CERTIFAST | J89: Ponto de Atendimento AR Certifast - Prado BH/MG | K89: Aprovado | L89: 113.689.666-08 | M89: 45.029.620/0001-91 | N89: MELYSSA TAMIETTI SILVA LTDA
A90: 20035789 | B90: 07/02/2025 | C90: ROBERTO RODRIGO DE MARCHI MENDES | D90: ROBERTO.MENDES@CERTISIGN.COM.BR | F90: 55 | G90: =CONCATENATE(F90,E90) -> 55 | H90: e-CPF A3 - 3 anos | I90: AR CERTIFAST | J90: Ponto de Atendimento AR Certifast - Maua Centro/SP | K90: Aprovado | L90: 221.653.518-47
A91: 20036498 | B91: 07/02/2025 | C91: FABIO HENRIQUE GOMES DE OLIVEIRA SANTOS | D91: DIASCOTACAO@HOTMAIL.COM | E91: 31997187081 | F91: 55 | G91: =CONCATENATE(F91,E91) -> 5531997187081 | H91: e-CPF A3 - 3 anos | I91: AR CERTIFAST | J91: Ponto de Atendimento AR Certifast - Prado BH/MG | K91: Aprovado | L91: 101.834.046-70
A92: 20044127 | B92: 07/02/2025 | C92: GUILHERME LATINI FRANCA | D92: GUILHERME.FRANCA@NEXTGI.COM.BR | E92: 31983652910 | F92: 55 | G92: =CONCATENATE(F92,E92) -> 5531983652910 | H92: e-CPF A3 - 3 anos | I92: AR CERTIFAST | J92: Ponto de Atendimento AR Certifast - Prado BH/MG | K92: Aprovado | L92: 014.835.026-78
A93: 20054438 | B93: 07/02/2025 | C93: RONALDO VIEIRA DA SILVA | D93: ADMTECNOR@GMAIL.COM | E93: 11996632478 | F93: 55 | G93: =CONCATENATE(F93,E93) -> 5511996632478 | H93: e-CNPJ A3 - 3 anos | I93: AR CERTIFAST | J93: AR Certifast | K93: Aprovado | L93: 092.701.298-70 | M93: 09.458.242/0001-06 | N93: TECNO R INDUSTRIA E COMERCIO DE ARTEFATOS DE META
A94: 22955939 | B94: 07/02/2025 | C94: CAROLINE CASTRO DE SOUZA | D94: contato@carolinecastro.com.br | E94: 31975813506 | F94: 55 | G94: =CONCATENATE(F94,E94) -> 5531975813506 | H94: e-CPF A1 - 1 ano | I94: AR CERTIFAST | J94: Ponto de Atendimento AR Certifast - Prado BH/MG | K94: Aprovado | L94: 050.522.616-24
A95: 22999919 | B95: 07/02/2025 | C95: ADRIANO PEREIRA VICENTE | D95: ap1531777@gmail.com | E95: 12996800176 | F95: 55 | G95: =CONCATENATE(F95,E95) -> 5512996800176 | H95: e-CPF A1 - 1 ano | I95: AR CERTIFAST | J95: PONTO DE ATENDIMENTO AR CERTIFAST - ANDROMEDA/SP | K95: Aprovado | L95: 341.457.098-02
A96: 23009560 | B96: 07/02/2025 | C96: LARA CARVALHO MIRAGAIA COSTA | D96: contato@squemacontabil.com.br | E96: 12997522141 | F96: 55 | G96: =CONCATENATE(F96,E96) -> 5512997522141 | H96: e-CNPJ A1 - 1 ano | I96: AR CERTIFAST | J96: PONTO DE ATENDIMENTO AR CERTIFAST - ANDROMEDA/SP | K96: Aprovado | L96: 542.178.158-59 | M96: 48.577.259/0001-26 | N96: AUTO POSTO URBANOVA SJC LTDA
A97: 23014617 | B97: 07/02/2025 | C97: FELIPE STEINDORF PESSOTTO | D97: contabilidade@afccontabilsjc.com.br | E97: 12981412129 | F97: 55 | G97: =CONCATENATE(F97,E97) -> 5512981412129 | H97: e-CNPJ A1 - PME | I97: AR CERTIFAST | J97: PONTO DE ATENDIMENTO AR CERTIFAST - ANDROMEDA/SP | K97: Aprovado | L97: 085.287.819-25 | M97: 45.335.917/0001-85 | N97: FLP COMERCIO DE ALIMENTOS LTDA
A98: 23015836 | B98: 07/02/2025 | C98: VALCEMIR AMORIM MORAIS | D98: coord.societario@reluzcontabil.com.br | E98: 11959897067 | F98: 55 | G98: =CONCATENATE(F98,E98) -> 5511959897067 | H98: e-CNPJ A1 - PME | I98: AR CERTIFAST | J98: Ponto de Atendimento AR Certifast - Maua Centro/SP | K98: Aprovado | L98: 022.551.247-50 | M98: 49.307.233/0001-20 | N98: OMEGA LOCACAO E TRANSPORTE DE PESSOAS LTDA
A99: 23038890 | B99: 07/02/2025 | C99: ALEX SANDRO VILAS BOAS SILVA | D99: vbs3istore@gmail.com | E99: 12988841923 | F99: 55 | G99: =CONCATENATE(F99,E99) -> 5512988841923 | H99: e-CNPJ A1 - PME | I99: AR CERTIFAST | J99: PONTO DE ATENDIMENTO AR CERTIFAST - ANDROMEDA/SP | K99: Aprovado | L99: 268.381.888-21 | M99: 40.976.244/0001-29 | N99: ALEX SANDRO VILAS BOAS SILVA 26838188821
A100: 23039764 | B100: 07/02/2025 | C100: ANDRE LUIZ CALIXTO DA SILVA | D100: andrecalixtosilva@yahoo.com.br | E100: 12992326082 | F100: 55 | G100: =CONCATENATE(F100,E100) -> 5512992326082 | H100: e-CPF A1 - 1 ano | I100: AR CERTIFAST | J100: Ponto de Atendimento AR Certifast - Prado BH/MG | K100: Aprovado | L100: 384.523.058-42
A101: 23043323 | B101: 07/02/2025 | C101: LUIZ ROBERTO MORAES | D101: drogariaespacial@bol.com.br | F101: 55 | G101: =CONCATENATE(F101,E101) -> 55 | H101: e-CNPJ A1 - 1 ano | I101: AR CERTIFAST | J101: Ponto de Atendimento AR Certifast - Maua Centro/SP | K101: Aprovado | L101: 124.235.768-89 | M101: 00.628.454/0001-01 | N101: DROGARIA ESPACIAL DE SAO BERNARDO DO CAMPO LTDA
A102: 23046942 | B102: 07/02/2025 | C102: FRANCISCO CARLOS MESSIAS BISPO | D102: fbispo@fbispo.com.br | E102: 11972831542 | F102: 55 | G102: =CONCATENATE(F102,E102) -> 5511972831542 | H102: e-CNPJ A1 - PME | I102: AR CERTIFAST | J102: PONTO DE ATENDIMENTO AR CERTIFAST - ANDROMEDA/SP | K102: Aprovado | L102: 763.453.008-53 | M102: 11.368.920/0001-83 | N102: FBISPO SOCIEDADE CONTABIL S S
...

Sheet Página1
A1: =IFERROR(__xludf.DUMMYFUNCTION("UNIQUE(Folha3!F:F,FALSE,FALSE)"),"Produto") -> Produto | O1: =IFERROR(__xludf.DUMMYFUNCTION("UNIQUE(Folha3!H:H,FALSE,FALSE)"),"Ponto de Atendimento") -> Ponto de Atendimento
A2: =IFERROR(__xludf.DUMMYFUNCTION("""COMPUTED_VALUE"""),"e-CNPJ A3") -> e-CNPJ A3 | G2: Ponto de Atendimento | O2: =IFERROR(__xludf.DUMMYFUNCTION("""COMPUTED_VALUE"""),"Ponto de Atendimento AR Certifast - Maua Centro/SP") -> Ponto de Atendimento AR Certifast - Maua Centro/SP
A3: =IFERROR(__xludf.DUMMYFUNCTION("""COMPUTED_VALUE"""),"e-CPF A3") -> e-CPF A3 | G3: Ponto de Atendimento AR Certifast - Maua Centro/SP | L3: Ingrid | O3: =IFERROR(__xludf.DUMMYFUNCTION("""COMPUTED_VALUE"""),"Ponto de Atendimento AR Certifast - Prado BH/MG") -> Ponto de Atendimento AR Certifast - Prado BH/MG
A4: =IFERROR(__xludf.DUMMYFUNCTION("""COMPUTED_VALUE"""),"e-CPF A1") -> e-CPF A1 | G4: Ponto de Atendimento AR Certifast - Prado BH/MG | L4: Isabella | O4: =IFERROR(__xludf.DUMMYFUNCTION("""COMPUTED_VALUE"""),"AR Certifast") -> AR Certifast
A5: =IFERROR(__xludf.DUMMYFUNCTION("""COMPUTED_VALUE"""),"e-CNPJ A1") -> e-CNPJ A1 | G5: AR Certifast | L5: Alexandre | O5: =IFERROR(__xludf.DUMMYFUNCTION("""COMPUTED_VALUE"""),"PONTO DE ATENDIMENTO AR CERTIFAST - ANDROMEDA/SP") -> PONTO DE ATENDIMENTO AR CERTIFAST - ANDROMEDA/SP
G6: PONTO DE ATENDIMENTO AR CERTIFAST - ANDROMEDA/SP | L6: Rogério | O6: =IFERROR(__xludf.DUMMYFUNCTION("""COMPUTED_VALUE"""),"Ponto de Atendimento AR Certifast - Pauliceia/SP") -> Ponto de Atendimento AR Certifast - Pauliceia/SP
G7: Ponto de Atendimento AR Certifast - Pauliceia/SP | L7: Alexandre | O7: =IFERROR(__xludf.DUMMYFUNCTION("""COMPUTED_VALUE"""),"PONTO DE ATENDIMENTO AR CERTIFAST - CARIJOS - STA/SP") -> PONTO DE ATENDIMENTO AR CERTIFAST - CARIJOS - STA/SP
G8: PONTO DE ATENDIMENTO AR CERTIFAST - CARIJOS - STA/SP | L8: Alexandre | O8: =IFERROR(__xludf.DUMMYFUNCTION("""COMPUTED_VALUE"""),"Ponto de Atendimento AR Certifast - Galeria Nova Barao - Edificio 3/SP") -> Ponto de Atendimento AR Certifast - Galeria Nova Barao - Edificio 3/SP
G9: Ponto de Atendimento AR Certifast - Galeria Nova Barao - Edificio 3/SP | L9: Alexandre | O9: =IFERROR(__xludf.DUMMYFUNCTION("""COMPUTED_VALUE"""),"PONTO DE ATENDIMENTO AR CERTIFAST - ILHABELA/SP") -> PONTO DE ATENDIMENTO AR CERTIFAST - ILHABELA/SP
G10: PONTO DE ATENDIMENTO AR CERTIFAST - ILHABELA/SP | L10: Leandro | O10: =IFERROR(__xludf.DUMMYFUNCTION("""COMPUTED_VALUE"""),"Ponto de Atendimento AR Certifast - Prado BH/MG - JUS") -> Ponto de Atendimento AR Certifast - Prado BH/MG - JUS
G11: Ponto de Atendimento AR Certifast - Prado BH/MG - JUS | L11: Isabella | O11: =IFERROR(__xludf.DUMMYFUNCTION("""COMPUTED_VALUE"""),"PONTO DE ATENDIMENTO AR Certifast - Sao Jose dos Campos/SP") -> PONTO DE ATENDIMENTO AR Certifast - Sao Jose dos Campos/SP
G12: PONTO DE ATENDIMENTO AR Certifast - Sao Jose dos Campos/SP | L12: Rafael | O12: =IFERROR(__xludf.DUMMYFUNCTION("""COMPUTED_VALUE"""),"PONTO DE ATENDIMENTO AR CERTIFAST - ANDROMEDA/SP - JUS") -> PONTO DE ATENDIMENTO AR CERTIFAST - ANDROMEDA/SP - JUS
G13: PONTO DE ATENDIMENTO AR CERTIFAST - ANDROMEDA/SP - JUS | L13: Rogério | O13: =IFERROR(__xludf.DUMMYFUNCTION("""COMPUTED_VALUE"""),"AR Certifast - Jus") -> AR Certifast - Jus
G14: AR Certifast - Jus | L14: Alexandre | O14: =IFERROR(__xludf.DUMMYFUNCTION("""COMPUTED_VALUE"""),"Ponto de Atendimento AR Certifast - Maua Centro/SP - Jus") -> Ponto de Atendimento AR Certifast - Maua Centro/SP - Jus
G15: Ponto de Atendimento AR Certifast - Maua Centro/SP - Jus | L15: Ingrid | O15: =IFERROR(__xludf.DUMMYFUNCTION("""COMPUTED_VALUE"""),"Ponto de Atendimento AR Certifast - Jundiai Centro/SP") -> Ponto de Atendimento AR Certifast - Jundiai Centro/SP
G16: Ponto de Atendimento AR Certifast - Jundiai Centro/SP | L16: Alexandre | O16: =IFERROR(__xludf.DUMMYFUNCTION("""COMPUTED_VALUE"""),"Ponto de Atendimento AR Certifast - Galeria Nova Barao - Edificio 3/SP - Jus") -> Ponto de Atendimento AR Certifast - Galeria Nova Barao - Edificio 3/SP - Jus
G17: Ponto de Atendimento AR Certifast - Galeria Nova Barao - Edificio 3/SP - Jus | L17: Alexandre
